,^IBEX,ABE.MC,ANA.MC,BKT.MC,BBVA.MC,GAS.MC,ENG.MC,ITX.MC,SAB.MC,MRL.MC,IAG.MC,AMS.MC,REE.MC,CABK.MC,ELE.MC,MAP.MC,ACX.MC,AENA.MC,SAN.MC,FER.MC,CLNX.MC,ACS.MC,VIS.MC,IBE.MC,TRE.MC,MTS.MC,GRF.MC,MEL.MC,DIA.MC,TEF.MC,BKIA.MC,IDR.MC,COL.MC,TL5.MC,REP.MC,SGRE.MC
2017-01-02,,12.763455,68.223747,7.113617,6.095185,16.787455,23.08345,31.808895,1.29997,10.1914,5.072489,42.264629,16.907059,3.086298,18.908165,2.757876,12.146157,127.756447,4.591642,16.827974,13.666618,29.150118,46.265396,5.821262,36.522549,21.191999,18.801315,11.055959,4.592283,8.269828,3.899287,10.545,6.554826,10.847379,12.800164,19.484068
2017-01-03,9494.700195,12.849404,68.050095,7.249142,6.213492,16.726563,22.710756,31.491785,1.342655,10.030867,5.067665,42.337616,16.771702,3.182079,18.884794,2.812083,12.290526,128.09816,4.702983,17.297321,13.651726,29.216717,48.538033,5.780229,36.301853,21.378,18.796379,10.961928,4.54035,8.350189,4.066228,10.61,6.437426,10.813556,12.899538,19.434362
2017-01-04,9462.900391,12.830304,67.722092,7.246259,6.14724,16.525148,22.493744,31.194183,1.333924,10.094107,5.093717,42.337616,16.418514,3.168535,18.65107,2.798769,12.242403,126.633629,4.724154,17.199541,13.636832,28.788597,48.100048,5.732666,35.959072,21.27,19.349215,11.204427,4.520153,8.366076,4.070204,10.455,6.515692,10.799061,12.92793,19.364777
2017-01-05,9488.200195,13.006977,67.52916,7.250103,6.16901,16.492363,22.611685,30.686802,1.331984,10.079513,5.291523,42.697689,16.556925,3.207234,18.679115,2.81018,12.227966,128.488724,4.737954,17.414658,13.865189,28.755301,47.55014,5.739341,36.142204,22.065001,19.349215,11.189581,4.517268,8.54362,4.105977,10.57,6.508844,10.861874,12.946859,19.275309
2017-01-06,9515.900391,13.054728,67.577393,7.277017,6.214439,16.576674,22.573944,30.906342,1.347506,10.225452,5.251961,42.449524,16.418514,3.200461,18.739885,2.814936,12.213529,127.902901,4.764636,17.517328,13.770868,28.793352,48.168182,5.724084,36.541328,21.780001,19.314663,11.159886,4.543235,8.59221,4.094052,10.63,6.513736,10.881202,12.965786,19.344894
2017-01-09,9492.799805,13.107252,68.686798,7.208774,6.263304,16.440838,22.658863,31.09173,1.335864,10.176805,5.199856,42.541977,16.490105,3.185949,18.725863,2.775945,12.117284,129.367432,4.711272,17.683552,13.805617,28.588808,47.652336,5.746969,36.480289,21.627001,19.230747,11.273713,4.558622,8.574457,4.054304,10.63,6.447209,10.77007,12.842753,19.225605
2017-01-10,9452.0,12.987878,68.175507,7.208774,6.166304,16.211323,22.696604,30.862434,1.331984,10.137889,5.319504,42.629562,16.432833,3.188852,18.403324,2.760729,12.34346,129.660339,4.706669,17.571106,13.661655,28.622107,46.581718,5.690711,36.541328,22.65,19.102413,11.090601,4.512459,8.58567,4.002632,10.64,6.41786,10.803893,12.984715,19.439333
2017-01-11,9408.599609,12.921028,68.252686,7.177054,5.964543,16.155115,22.474874,30.6185,1.318402,10.186536,5.356171,42.576038,16.451921,3.170469,18.44072,2.737905,12.742878,131.515427,4.666178,17.580883,13.755976,29.121578,46.460056,5.713595,36.250198,23.150999,19.181389,11.115346,4.456678,8.538946,3.998657,10.655,6.439383,10.881202,13.155067,19.469154
2017-01-12,9407.400391,12.897154,68.918327,7.20589,5.934473,16.323738,22.753216,30.85268,1.296089,10.040596,5.301171,42.897186,16.576015,3.16273,18.618349,2.681797,11.886295,131.808334,4.656981,17.463549,13.805617,28.698219,46.231331,5.776529,36.128117,22.347,18.949396,10.966877,4.436482,8.561373,3.93506,10.485,6.395358,10.528481,13.278101,19.454245
2017-01-13,9511.599609,13.059502,69.371742,7.316424,6.048933,16.487679,22.913616,31.155155,1.29997,10.05519,5.417924,42.576038,16.590332,3.237226,18.562256,2.715081,11.996978,133.956314,4.737954,17.688442,13.820511,28.936064,46.708244,5.78511,35.343948,22.833,19.32947,10.986673,4.549005,8.615572,3.986732,10.625,6.476559,10.881202,13.448454,19.62324
2017-01-16,9410.0,13.045177,69.892677,7.207812,5.955813,16.614147,22.927769,30.818525,1.274746,10.016273,5.291523,42.352211,16.46624,3.181112,18.44072,2.713179,12.170219,133.272873,4.660659,17.414658,13.681511,28.541243,46.669315,5.74983,35.597507,22.997999,18.964203,10.887694,4.61248,8.495963,3.871463,10.65,6.469711,11.14695,13.349081,19.583477
2017-01-17,9394.900391,13.083376,71.474785,7.232803,5.945143,16.665672,22.885309,30.633139,1.280567,9.91898,5.491257,42.089458,16.552153,3.147249,18.370602,2.683699,11.972916,132.296509,4.639497,17.341324,13.825476,28.431833,46.606045,5.74983,35.503826,22.635,18.934587,10.793664,4.61248,8.490357,3.839665,10.695,6.456993,11.084137,13.349081,19.414482
2017-01-18,9386.200195,12.968778,71.175728,7.323153,5.952903,16.637568,22.654146,30.58923,1.276687,9.889792,5.446871,42.464127,16.471012,3.141445,18.295813,2.666581,12.107659,131.808334,4.655139,17.145761,13.651726,28.089338,46.664444,5.715502,35.41301,23.202,18.825994,10.729328,4.524,8.520259,3.823765,10.75,6.405141,10.948846,13.372742,19.334955
2017-01-19,9379.099609,12.925803,71.677383,7.319308,5.933503,16.562622,22.257862,30.467264,1.307731,9.738989,5.484502,42.396,16.323057,3.210136,18.281788,2.611423,12.126909,131.271332,4.680903,16.891533,13.468048,27.875277,46.606045,5.670686,35.131004,22.823999,19.546654,11.125243,4.600939,8.466995,3.851589,10.65,6.399271,10.794229,13.34435,19.051641
2017-01-20,9380.099609,12.949678,70.452202,7.334687,5.938353,16.497047,22.003109,30.247723,1.293179,9.734125,5.500906,41.972675,16.227598,3.214006,18.136881,2.602865,12.155783,130.929611,4.723229,16.769308,13.656691,27.797997,46.42112,5.727899,35.274403,22.929001,19.166582,11.080703,4.579781,8.490357,3.867488,10.68,6.383618,10.799061,13.434258,19.126196
2017-01-23,9304.799805,12.978328,70.114563,7.226075,5.903432,16.337793,21.856863,30.311146,1.259224,9.841146,5.51345,42.016468,16.084415,3.179177,17.959249,2.586698,12.136533,131.124878,4.646859,16.730196,13.482941,27.730373,46.134007,5.660197,35.379555,22.827,19.053051,11.154938,4.486492,8.376354,3.776067,10.45,6.345463,10.784565,13.249709,19.121227
2017-01-24,9387.200195,12.921028,70.51973,7.204929,6.079003,16.314371,21.663437,30.267239,1.289298,9.816824,5.479678,41.821835,16.036686,3.233356,18.141556,2.633296,12.377146,131.027237,4.750836,16.735085,13.353869,28.015356,46.07074,5.664965,35.503826,23.124001,19.018497,11.253917,4.520153,8.492226,3.847614,10.46,6.316113,10.832883,13.325421,19.151049
2017-01-25,9549.299805,12.882829,70.95385,7.373134,6.271064,16.417419,21.47945,30.364813,1.340715,10.064919,5.626343,42.108917,16.055779,3.441367,17.963926,2.731248,12.454143,130.685516,4.942232,16.823088,13.378691,28.440416,46.352993,5.664011,35.690235,22.620001,19.319597,11.669628,4.645179,8.562309,3.970833,10.43,6.500039,10.900528,13.486311,19.315073
2017-01-26,9512.799805,12.753904,70.867027,7.270288,6.220623,16.553255,21.465298,30.091606,1.327133,10.094107,5.589677,42.692822,15.941232,3.388155,18.085461,2.760729,12.34346,132.150055,4.933953,16.627525,13.502798,27.971884,45.764153,5.636358,35.857525,22.754999,19.625631,11.738914,4.620173,8.522128,3.93506,10.35,6.537216,10.982669,13.438991,19.369749
2017-01-27,9504.099609,12.796879,70.008438,7.23857,6.192493,16.749981,21.47945,30.101364,1.354297,10.069784,5.634063,42.595505,15.903048,3.389122,18.09481,2.726494,12.367522,134.444489,4.929349,16.622637,13.378691,28.029846,46.143734,5.606799,35.828846,22.827,19.704605,11.99131,4.599015,8.460454,3.907236,10.385,6.562653,10.982669,13.334886,19.52383
2017-01-30,9361.299805,12.696606,69.526093,7.204929,6.123623,16.703144,21.39925,29.901339,1.358177,10.098972,5.493186,42.040592,15.783727,3.289471,17.847063,2.681797,12.179843,132.540604,4.838145,16.505301,13.140406,27.416407,45.812817,5.53147,35.527725,22.131001,19.556526,11.926974,4.589398,8.36701,3.883387,10.24,6.528411,10.997165,13.027303,19.369749
2017-01-31,9315.200195,12.648856,69.149857,7.146297,6.086763,16.693773,21.418121,29.794008,1.352357,10.074648,5.355206,41.981663,15.778955,3.271088,17.804995,2.662777,12.218342,131.173706,4.787933,16.378187,13.065943,27.51301,45.759285,5.562936,35.08321,21.534,19.566399,11.75871,4.705768,8.339911,3.875438,10.185,6.648746,10.92952,12.92793,19.315073
2017-02-01,9330.799805,12.72048,69.583969,7.255871,6.002373,16.492363,21.13978,29.789127,1.369819,10.05519,5.523099,41.819614,15.65486,3.289471,17.716179,2.719836,12.338648,130.441437,4.840934,16.383076,13.89001,27.604786,45.618156,5.519074,35.288738,22.004999,19.620695,11.813148,4.825985,8.310009,3.883387,10.18,6.625266,11.006828,12.932662,19.846909
2017-02-02,9406.400391,12.72048,70.635498,7.252987,5.943202,16.92329,21.50304,29.794008,1.393102,9.957897,5.410205,42.62006,15.841001,3.38622,17.935879,2.717935,12.887247,130.587875,4.918118,16.485746,14.048866,27.68207,46.022076,5.573425,35.456028,22.635,19.744095,11.99626,4.833679,8.401585,3.946984,10.345,6.591024,11.035819,13.013106,20.015903
2017-02-03,9462.700195,12.830304,70.461853,7.271249,5.996553,17.157492,21.436991,29.979397,1.412504,10.133024,5.41889,43.027645,15.879183,3.427822,18.090136,2.755974,12.892059,130.197342,4.960888,16.637304,13.800653,27.8946,46.24593,5.584868,35.312637,22.110001,19.926729,12.223911,4.893306,8.4427,3.946984,10.58,6.653637,11.074473,13.173997,19.991051
2017-02-06,9357.299805,12.706156,69.94091,7.118423,5.936413,17.049759,21.361509,29.82328,1.37952,10.137889,5.31082,42.816486,15.903048,3.348488,17.954576,2.738856,12.829499,129.660339,4.855815,16.568859,13.517691,27.604786,46.270264,5.561029,35.766712,22.047001,20.060001,12.0408,4.811559,8.316549,3.807866,10.44,6.654616,10.953678,13.112479,19.901583
2017-02-07,9331.5,12.667956,69.989151,6.962713,5.924773,17.185595,21.583239,30.135513,1.403773,10.147618,5.325294,42.438358,16.098734,3.286568,17.940554,2.744562,12.911308,129.855606,4.759108,16.500412,13.453155,27.590296,46.907768,5.619195,35.312637,22.052999,20.287058,11.966566,4.825985,8.295056,3.776067,10.45,6.718207,10.982669,12.923198,19.812117
2017-02-08,9329.700195,12.744356,70.442558,6.945413,5.851053,16.946712,21.842709,30.11112,1.410564,10.201128,5.431433,42.458004,16.394648,3.250771,18.26309,2.698915,12.930557,130.343796,4.693089,16.735085,13.701368,28.363134,47.277622,5.725038,34.715168,22.02,20.114298,11.857688,4.879842,8.325893,3.73632,10.545,6.71625,10.973005,12.814362,20.204781
2017-02-09,9438.400391,12.968778,70.635498,7.001161,5.871422,17.087231,21.795534,30.364813,1.446459,10.361661,5.541431,42.330322,16.485332,3.276893,18.407999,2.736003,12.920933,130.880798,4.767474,16.984425,13.79569,28.594984,47.282486,5.767947,35.08799,22.577999,20.479563,12.021005,4.933699,8.541752,3.799916,10.71,6.711359,11.113128,12.984715,20.09543
2017-02-10,9378.099609,12.887604,70.51973,6.978093,5.793823,16.913923,21.904037,30.384323,1.435787,10.337338,5.50766,42.153542,16.389875,3.220779,18.417347,2.74266,13.094173,131.076065,4.68751,16.930645,13.751011,28.739891,47.053764,5.71741,35.417789,24.597,20.63258,11.917076,4.933699,8.438026,3.756193,10.725,6.770059,11.055145,12.946859,20.090458
2017-02-13,9484.099609,13.002202,71.050323,7.026151,5.878213,17.045074,22.007828,30.574593,1.443548,10.342203,5.628273,42.300861,16.528288,3.250771,18.552904,2.767386,13.252979,131.66188,4.771199,17.028427,13.939653,29.029705,47.301952,5.792738,35.561184,25.875,20.612835,12.035851,4.964475,8.530538,3.780042,10.84,6.743644,11.064809,13.202388,20.378744
2017-02-14,9510.200195,13.016528,70.500443,7.081899,6.037293,16.956078,21.748356,30.516048,1.437728,10.536788,5.71222,42.335236,16.342148,3.256576,18.48279,2.77119,13.12786,131.271332,4.808393,16.876867,13.785761,28.875137,47.613403,5.732666,35.570744,25.785,20.7313,12.199166,4.942355,8.593145,3.811841,11.05,6.776907,10.963342,13.18346,20.393654
2017-02-15,9584.099609,13.150227,70.712677,7.10689,6.227414,16.913923,21.809685,30.574593,1.445489,10.70705,5.71222,42.192825,16.323057,3.290438,18.506163,2.778798,13.070112,131.613068,4.891146,16.818199,13.845331,28.976572,46.946705,5.763179,35.580303,26.219999,20.598028,12.283298,4.869263,8.695934,3.799916,11.02,6.93344,10.808724,13.178728,20.368803
2017-02-16,9554.700195,13.217075,70.461853,7.085743,6.124593,16.92329,22.102179,30.418476,1.436757,10.672998,5.730553,42.168274,16.46624,3.30108,18.669767,2.792112,12.949806,131.808334,4.841869,16.759529,13.934689,28.812346,47.18029,5.778436,35.355656,25.934999,20.652323,12.238758,4.780784,8.713688,3.811841,11.08,6.974531,10.794229,13.150337,20.304188
2017-02-17,9500.299805,13.140676,70.461853,6.96752,6.052813,16.904554,22.073874,30.267239,1.422206,10.702186,5.794236,42.526752,16.499651,3.257544,18.65107,2.744562,12.920933,131.808334,4.779567,16.642195,14.232545,28.677097,48.562363,5.744109,34.901581,25.638,20.839893,12.09029,4.770204,8.712754,3.791967,11.035,6.929527,10.721752,12.894806,20.279335
2017-02-20,9526.599609,13.2314,70.857376,6.996355,6.059603,16.988867,21.988956,30.203814,1.426086,10.70705,5.785552,42.629879,16.523514,3.250771,18.637047,2.736003,12.97868,132.784683,4.800951,16.61775,14.247437,28.450077,48.372574,5.807042,35.293514,26.07,20.696749,12.22886,4.732697,8.784706,3.752219,11.08,6.99801,10.712089,12.984715,20.299217
2017-02-21,9561.0,13.188426,70.500443,6.95118,6.043113,17.18091,21.639849,30.262358,1.416385,10.726509,5.832832,43.248627,16.552153,3.288503,18.468765,2.77119,13.233729,134.493317,4.835356,16.676416,14.133259,28.778534,48.732689,5.825159,35.116669,26.280001,20.8547,12.233809,4.742314,8.767887,3.815816,11.11,6.960834,10.673434,13.050962,20.507975
2017-02-22,9477.200195,13.197975,70.56797,7.002122,6.013043,17.007603,21.677591,29.979397,1.400863,10.585435,5.776868,43.420502,16.447149,3.222714,18.445393,2.755974,13.060488,130.539063,4.745163,16.593304,14.068724,28.73023,48.59156,5.800367,34.954159,25.833,20.790531,11.961617,4.682686,8.73705,3.744269,10.975,6.910939,10.658938,12.961054,20.378744
2017-02-23,9493.400391,13.283925,70.13385,6.988666,5.960663,17.045074,21.904037,29.725706,1.364968,10.653539,5.769149,43.125862,16.504425,3.16273,18.618349,2.759778,12.916121,132.296509,4.757245,16.61286,14.153116,28.537022,48.849483,5.945305,34.619576,25.308001,20.686876,11.966566,4.808673,8.894035,3.680672,10.76,6.903112,10.721752,13.145604,20.269394
2017-02-24,9453.5,13.260051,68.281624,6.949257,5.891793,17.031023,21.913473,29.472015,1.343625,10.604893,6.007479,42.556217,16.299192,3.106615,18.590303,2.729346,12.68032,131.759506,4.694942,16.573748,14.197795,28.329323,48.090321,5.988214,34.280216,24.912001,20.553602,11.857688,4.813482,8.980004,3.640924,11.725,6.808214,10.600957,13.079355,20.875786
2017-02-27,9464.299805,13.283925,67.432686,6.961753,5.947083,16.960762,21.837992,29.223204,1.334894,10.595164,5.940901,42.968716,16.370783,3.128867,18.669767,2.750268,12.906495,131.954773,4.702382,16.783976,14.098509,28.594984,47.958923,5.978679,33.845261,25.245001,20.523989,11.966566,4.885612,8.965989,3.660798,11.88,6.753427,10.673434,13.055696,20.940403
2017-02-28,9555.5,13.217075,68.175507,6.996355,5.992673,17.213697,21.885166,29.584223,1.346536,10.424902,6.061514,43.120949,16.270555,3.190787,18.786629,2.777847,12.911308,131.808334,4.792585,17.507549,14.113403,28.619135,48.104919,5.982493,34.987614,24.938999,20.380842,12.194217,5.040452,9.016448,3.708496,11.905,6.749514,10.707256,13.249709,20.776377
2017-03-01,9751.5,13.245726,68.50351,7.170327,6.169213,17.218382,21.880451,30.14039,1.437728,10.478414,6.193706,43.813358,16.385103,3.294308,18.753908,2.831102,13.363661,132.247681,4.946008,17.659107,14.143188,29.174612,47.287354,5.994889,35.723694,26.195999,20.75598,12.194217,5.116429,9.263142,3.843639,12.17,6.795496,11.098632,13.528899,21.188925
2017-03-02,9716.0,13.374649,72.555252,7.020384,6.183763,17.368273,22.040852,29.85743,1.428997,10.361661,6.128092,43.754429,16.58079,3.275926,18.842722,2.805426,13.286665,132.296509,4.862319,17.566217,14.436079,29.049026,47.214355,6.00347,35.188366,25.617001,21.007719,12.407022,5.082768,9.250059,3.823765,11.905,6.704511,10.968174,13.528899,21.412594
2017-03-03,9798.5,13.484473,72.063255,7.065559,6.388434,17.43853,22.201252,29.886702,1.463921,10.405442,6.103004,43.74461,16.561699,3.356228,18.810001,2.875799,13.474343,131.66188,4.942293,17.541773,14.287152,29.377481,47.287354,6.043519,35.174023,25.26,20.89419,12.372379,5.026025,9.329487,3.895312,11.82,6.696684,10.828052,13.528899,21.228685
2017-03-06,9804.099609,13.560873,71.976433,7.04153,6.403954,17.391691,22.144638,29.85743,1.468772,10.400578,6.130987,43.724968,16.547379,3.362033,18.777279,2.846318,13.305914,131.710693,4.913466,17.541773,14.386436,29.406464,46.980766,6.080707,34.686493,24.764999,20.889252,12.416921,4.926967,9.423866,3.895312,11.645,6.734839,10.944015,13.547827,21.48218
2017-03-07,9801.700195,13.589521,71.38797,7.073248,6.394254,17.391691,22.045568,29.769613,1.473622,10.317879,6.057654,43.778984,16.494879,3.340748,18.866095,2.855828,13.074925,131.759506,4.916255,17.45377,14.699185,29.367821,46.971031,6.11122,34.93026,24.534,20.55854,12.214013,4.981786,9.475262,3.907236,11.73,6.687879,10.881202,13.566755,21.521942
2017-03-08,9850.5,13.579973,70.413612,7.039608,6.433054,17.349537,21.984238,30.179422,1.505636,10.235181,6.109759,44.063808,16.490105,3.372675,19.226028,2.871995,12.887247,131.417786,4.967403,17.541773,14.803435,29.232576,46.922367,6.093103,35.131004,24.459,20.617771,12.293197,4.971207,9.531327,3.887362,11.73,6.693749,10.881202,13.476847,21.48218
2017-03-09,9998.400391,13.642047,70.471504,7.170327,6.674584,17.43853,22.196533,30.813648,1.53571,10.269235,6.349055,44.186577,16.509195,3.503286,19.310167,2.896721,12.689944,133.077591,5.089211,17.634663,15.031792,29.213253,47.477142,6.121709,35.207485,24.120001,20.652323,12.298145,4.926967,9.638787,3.962883,11.755,6.630157,11.011661,13.320689,21.39768
2017-03-10,10006.400391,13.546548,70.047028,7.203006,6.685255,17.29801,21.970087,30.672165,1.572575,10.186536,6.24774,44.053986,16.385103,3.64067,19.043724,2.891015,12.603323,132.39415,5.105019,17.522215,15.141005,29.174612,46.786106,6.007285,35.604198,23.684999,20.637518,12.407022,4.920235,9.666821,4.070204,11.8,6.640919,11.021323,13.651932,21.472239
2017-03-13,9995.900391,13.570422,69.94091,7.147259,6.677495,17.396374,22.111614,30.520929,1.561904,10.215723,6.255459,44.245502,16.490105,3.6368,19.07177,2.908133,12.76694,132.97995,5.078055,17.468437,15.016899,28.952421,47.136494,6.007285,35.847969,24.719999,20.7313,12.317941,4.952934,9.629444,4.090077,11.88,6.606677,11.050315,13.633004,21.467266
2017-03-14,9905.099609,13.517898,69.352448,7.112657,6.592134,17.279274,21.847427,30.628256,1.541531,10.337338,6.136776,44.181664,16.418514,3.606808,19.025026,2.878652,12.68032,132.296509,4.984138,17.24843,14.972219,28.585323,47.131626,5.999656,34.944599,24.66,20.499308,12.342687,4.913503,9.498622,4.070204,11.815,6.637006,11.016491,13.34435,21.352947
2017-03-15,9983.200195,13.627722,69.497154,7.172249,6.635785,17.330797,21.866297,30.642895,1.558023,10.400578,6.232302,44.707108,16.284874,3.691947,18.945559,2.927153,12.988304,133.419312,5.052018,17.351101,15.056612,28.633627,47.253284,5.988214,35.178802,24.954,20.647388,12.293197,4.981786,9.573377,4.201372,11.81,6.594938,11.122791,13.509971,21.288332
2017-03-16,10168.0,13.766195,69.998795,7.257793,6.844335,17.668045,22.007828,30.911222,1.604589,10.541653,6.34809,45.016483,16.418514,3.743224,19.193308,2.956634,13.026802,134.737396,5.239855,17.678663,15.498431,29.222914,47.486881,6.064497,35.030632,25.577999,20.760918,12.471359,5.015447,9.7883,4.221246,11.85,6.749514,11.011661,13.708716,21.526913
2017-03-17,10245.799805,13.84737,70.452202,7.314502,6.868585,17.944403,21.606827,31.13076,1.636604,10.493007,6.331686,45.374966,16.418514,3.751931,19.314842,2.997526,13.200044,135.811401,5.2538,18.020895,15.726789,29.9716,47.730198,6.146501,34.958939,25.535999,21.402599,12.421869,5.041413,9.905105,4.264969,11.975,6.834629,11.383708,13.779697,21.546793
2017-03-20,10214.0,13.804395,70.529381,7.303929,6.871495,18.009979,21.96537,31.257607,1.621081,10.400578,6.279582,45.080322,16.599878,3.724842,19.296144,2.997526,13.094173,136.201935,5.240782,17.913336,15.562968,29.802542,48.022186,6.112174,35.169247,25.32,21.313751,12.476307,4.991403,9.778955,4.24907,11.895,6.838542,11.316063,13.685056,21.700876
2017-03-21,10211.900391,14.229366,70.442558,7.333725,6.907385,17.930349,22.22484,31.228336,1.619141,10.264369,6.248705,45.050858,16.657154,3.728712,19.328865,2.970898,12.839124,135.957855,5.260314,17.962227,15.329646,29.730089,47.812931,6.145548,35.193142,24.576,20.736237,12.32289,4.933699,9.676166,4.264969,11.815,6.758319,11.340221,13.699252,21.551765
2017-03-22,10229.299805,14.186391,70.838089,7.327958,6.935515,18.159866,22.437134,31.038067,1.61332,10.074648,6.078882,45.139248,16.633289,3.767411,19.34289,2.949025,12.85356,136.934204,5.282626,17.85467,15.061577,29.483747,47.496609,6.210388,34.739071,24.444,21.28907,12.194217,4.898115,9.750921,4.312667,11.82,6.673204,11.229091,13.680325,21.512001
2017-03-23,10324.900391,14.30099,71.137138,7.414464,6.992745,18.464325,22.550356,31.716202,1.642424,10.147618,6.130022,45.433891,16.752609,3.792566,19.614008,2.992771,12.757316,137.715302,5.322608,18.265347,15.225398,29.860506,48.168182,6.197992,35.408234,24.111,21.372984,12.451563,4.954857,9.825677,4.312667,12.02,6.745601,11.369213,13.774965,22.063719
2017-03-24,10309.400391,14.248466,71.262558,7.42792,6.973345,18.57206,22.606966,31.56496,1.647275,10.186536,6.137741,45.870949,16.76693,3.792566,19.768265,2.971849,12.72363,139.082199,5.31424,18.358236,15.091361,29.75424,47.593945,6.183689,35.107109,23.927999,21.866585,12.392176,4.977939,9.760264,4.280868,12.09,6.745601,11.465848,13.599879,21.790344
2017-03-27,10302.900391,14.23414,71.19503,7.432725,6.975285,18.684473,22.767366,31.76499,1.650185,10.142754,5.965989,45.713806,16.871931,3.782891,19.903824,2.965193,12.386771,139.42392,5.267745,18.358236,15.141005,29.512728,47.95406,6.266647,34.576557,22.812,22.133131,12.654469,5.027949,9.764938,4.288818,11.945,6.766146,11.480344,13.528899,21.914606
2017-03-28,10389.0,14.286666,72.449135,7.523132,7.048035,18.904623,22.701321,31.721077,1.672498,10.25464,5.963093,46.141037,16.924433,3.86803,20.100149,3.043174,12.574449,141.034912,5.356086,18.372904,15.160862,29.77356,47.735065,6.281903,35.193142,23.25,22.276276,12.669317,5.052954,9.821005,4.34844,11.87,6.721142,11.52383,13.566755,22.168097
2017-03-29,10367.599609,14.449014,72.207962,7.552223,6.967525,18.871836,22.635275,31.891836,1.666678,10.118429,5.921603,46.165592,17.000797,3.848681,20.19364,3.056488,12.699568,142.108902,5.320755,18.363127,15.061577,29.681787,47.443081,6.304789,35.193142,23.441999,22.325636,12.624777,5.136625,9.736904,4.252,11.88,6.863979,11.572148,13.618809,22.07366
2017-03-30,10405.900391,14.449014,72.497375,7.573557,6.993715,18.93741,22.639994,31.760107,1.658916,10.03573,5.904235,46.185234,17.067616,3.89899,20.329199,3.073606,12.699568,143.524628,5.34214,18.284903,15.131076,30.536737,47.316555,6.323859,35.513386,23.913,22.789621,12.728703,5.201061,9.764938,4.236,11.82,6.785712,11.615634,13.817554,22.133303
2017-03-31,10462.900391,14.420364,72.478081,7.63271,7.051915,19.241871,22.974945,32.23822,1.666678,10.196263,5.982392,46.710682,17.182163,3.898023,20.595642,3.057438,12.632196,144.7939,5.34214,18.343571,15.364397,30.812061,47.170559,6.393467,35.322197,23.643,22.695837,12.768295,5.213564,9.797644,4.264,11.97,6.85126,11.678448,13.699252,22.048807
2017-04-03,10325.299805,14.472889,72.285141,7.569679,6.861269,19.017038,22.86644,31.940622,1.621081,10.205993,5.94862,46.170502,17.153528,3.802241,20.333872,3.003232,12.66107,146.453705,5.249148,18.402237,15.250218,31.092216,46.44059,6.334348,35.255283,23.358,22.809364,12.654469,5.188559,9.708872,4.22,11.8,6.811149,11.60597,13.538363,22.32715
2017-04-04,10361.200195,14.530189,72.352669,7.604588,6.89683,18.974882,22.776802,32.252853,1.594888,10.269235,5.916779,46.632107,17.096252,3.811916,20.389965,3.034615,12.511889,146.697784,5.265892,18.465796,15.319719,30.77825,46.927235,6.351511,35.556404,23.538,23.090719,12.634674,5.153936,9.755593,4.26,11.91,6.780821,11.572148,13.618809,22.118393
2017-04-05,10402.700195,14.501539,72.767494,7.639499,6.967952,19.101351,22.838133,32.0821,1.627497,10.415173,5.919673,46.975857,17.373079,3.848681,20.633039,3.056488,12.747691,148.162323,5.300295,18.460905,15.215468,31.531767,47.15596,6.371536,35.623318,23.562,22.898214,12.669317,5.218373,9.727559,4.248,11.9,6.815063,11.702606,13.864873,21.362888
2017-04-06,10518.900391,14.746248,72.622787,7.73938,7.045001,19.27466,23.111757,32.862686,1.650225,10.497871,5.956339,47.403088,17.707174,3.9106,20.675108,3.055537,12.791001,150.017395,5.356086,18.73469,15.364397,32.290112,47.506344,6.449726,35.651997,23.385,22.996935,12.753449,5.216449,9.774282,4.32,11.96,6.811149,11.620465,14.030495,21.73567
2017-04-07,10529.0,14.858816,72.613136,7.732592,7.034135,19.138821,23.107038,33.096863,1.65813,10.585435,5.910989,45.998623,17.902859,3.920275,20.740551,3.05839,12.858373,148.992233,5.37004,18.715134,15.289932,32.294941,47.720467,6.454494,35.785831,23.190001,22.779751,13.03059,5.222219,9.764938,4.332,11.895,6.93344,11.755756,14.191385,18.857794
2017-04-10,10437.700195,14.697307,72.304428,7.660833,6.957087,18.988935,23.121191,33.028561,1.63145,10.51733,5.993971,45.792377,17.821722,3.802241,20.572269,3.028909,12.858373,147.967056,5.279837,18.6418,15.34454,32.299774,48.32391,6.422073,35.518166,23.034,22.903152,12.832632,5.193367,9.671494,4.268,12.0,6.932462,11.760588,14.139332,19.05661
2017-04-11,10416.299805,14.951805,72.2369,7.647257,6.936342,18.946779,23.12591,33.126137,1.615639,10.512465,6.114583,45.816933,17.731041,3.756064,20.506828,3.005134,12.824687,149.578049,5.239855,18.847137,15.409076,32.087242,48.59156,6.400142,36.469334,22.485001,22.760006,12.877173,5.224143,9.704199,4.188,12.045,6.910939,11.804074,14.058887,19.73259
2017-04-12,10360.5,14.912651,71.976433,7.643377,6.865221,18.942095,23.493885,33.072468,1.588959,10.556248,6.094321,45.870949,17.802631,3.681395,20.721853,3.023203,12.454143,148.064682,5.1729,18.783579,15.433897,31.792599,48.917614,6.408724,36.564926,21.450001,23.095655,12.852427,5.244339,9.648132,4.1,12.41,6.946159,11.876551,14.039959,19.702766
2017-04-13,10326.099609,14.961594,72.130783,7.613316,6.772367,18.87652,23.390099,33.492039,1.56722,10.512465,6.141601,45.866039,17.783539,3.67157,20.777946,3.034615,12.478204,149.1875,5.102229,18.866693,15.399147,31.874712,49.491856,6.377257,36.201668,21.360001,23.396753,12.961306,5.288579,9.564033,4.052,12.25,6.985292,11.770251,13.931123,19.593416
2017-04-18,10264.5,15.950224,70.375023,7.617195,6.710136,18.745367,23.158934,33.340794,1.577101,10.385985,6.068268,45.473179,17.573536,3.635218,20.520851,2.987065,12.126909,147.674149,5.091074,18.778692,15.284968,31.449652,49.06361,6.343883,36.039158,20.087999,22.97719,12.788092,5.134702,9.484605,4.024,12.065,6.916809,11.644625,13.62354,19.419453
2017-04-19,10370.299805,15.460803,71.031021,7.651135,6.853367,18.782839,23.116474,33.570091,1.626509,10.39085,6.265108,45.924965,17.516262,3.759994,20.474108,3.022252,12.314587,151.726028,5.242643,18.676023,15.121147,31.135685,49.394527,6.263786,35.895763,20.802,22.85379,12.783143,5.134702,9.550015,4.14,12.3,6.900177,11.760588,13.614076,19.275309
2017-04-20,10372.5,15.51464,70.249619,7.691864,6.934367,18.740681,22.786238,33.384701,1.627497,10.293557,6.260283,46.042824,17.334894,3.784556,20.249733,3.033664,12.295338,150.359131,5.263103,18.597799,15.329646,31.546255,49.9785,6.158897,35.690235,21.246,22.982128,12.906866,5.187597,9.573377,4.2,12.025,6.740709,11.746092,13.637735,19.245487
2017-04-21,10377.0,15.309083,70.211029,7.761684,7.008452,18.815626,22.512615,33.36031,1.65813,10.240046,6.251599,45.915142,17.182163,3.856278,20.118849,3.064095,12.160595,148.308777,5.272396,18.58313,15.538146,31.531767,49.589188,6.209435,35.494267,21.368999,23.298033,12.827683,5.043337,9.493948,4.236,12.075,6.623309,11.49484,13.528899,18.882647
2017-04-24,10766.799805,15.813187,71.822083,8.01963,7.521121,19.785215,23.012686,34.165291,1.743112,10.458954,6.463878,46.961121,17.56399,4.024284,20.553574,3.141126,12.434894,151.237854,5.579261,18.822693,15.801251,32.531624,50.47488,6.405863,35.824066,22.049999,23.81138,13.26814,5.174133,9.797644,4.432,12.765,6.848326,11.910374,13.888534,19.384659
2017-04-25,10783.099609,15.661466,71.870316,8.004114,7.536926,19.640011,22.871157,34.297016,1.752994,10.656077,6.370283,47.280319,17.25853,4.075374,20.530199,3.138273,12.877623,151.140228,5.616455,18.88625,15.855859,32.526794,50.562477,6.295253,35.967461,22.191,24.102606,13.31763,5.268383,9.825677,4.444,12.63,6.973552,11.973187,13.983174,19.464186
2017-04-26,10763.400391,15.729984,71.38797,8.02351,7.519145,19.410494,22.644711,34.111626,1.769792,10.611881,6.419492,47.849964,17.124891,4.048846,20.296476,3.136371,12.964243,155.436188,5.625748,18.68091,15.915431,32.618565,50.533276,6.217063,36.45977,22.062,24.383959,13.342374,5.267421,9.694854,4.504,12.66,6.994097,11.929701,14.02103,19.613298
2017-04-27,10683.900391,15.837657,71.474785,7.84799,7.36406,19.53228,22.904181,34.318542,1.748053,10.621702,6.306599,48.326302,17.234667,3.96337,20.455408,3.139224,12.415645,158.169998,5.576871,18.930252,15.840966,32.66687,52.947044,6.291439,35.355656,21.333,24.393827,13.446302,5.298196,9.545343,4.392,12.825,6.972574,11.997346,13.779697,19.39957
2017-04-28,10715.799805,15.808291,73.066544,7.838292,7.259354,19.447968,22.786238,35.034962,1.745088,10.670809,6.424317,48.616035,17.086708,4.096006,20.22636,3.046978,12.338648,158.169998,5.672489,19.101366,16.109037,32.874573,53.472618,6.295253,34.748631,21.75,24.339535,13.490843,5.25588,9.489277,4.456,12.585,6.964747,12.229272,13.756037,19.717676
2017-05-02,10820.299805,15.81808,74.81266,8.051632,7.349244,19.457335,23.088169,35.258846,1.771769,10.724826,6.388616,49.107105,17.368305,4.139235,20.469433,3.004183,12.223154,161.600006,5.73786,19.360483,16.35725,33.328613,53.803535,6.368675,34.892021,21.669001,24.892368,13.649209,5.214526,9.64346,4.4,12.8,7.06845,12.495021,13.845946,19.98608
2017-05-03,10837.0,15.808291,76.047478,8.094301,7.413451,19.330868,23.210827,35.532475,1.778686,10.719915,6.355809,49.057999,17.57831,4.149061,20.492804,2.997526,12.0451,161.850006,5.753976,19.350706,16.42675,33.101589,51.964016,6.412538,34.877682,21.014999,24.625824,13.505691,5.174133,9.638787,4.388,12.62,7.117367,12.316244,13.779697,19.846909
2017-05-04,11012.900391,15.920858,76.645592,8.228122,7.572486,19.724321,23.673157,36.000141,1.828094,10.739558,6.511158,49.784782,18.079456,4.309207,20.988297,3.051733,12.021039,163.300003,5.843978,19.702715,16.645176,33.521824,53.268227,6.526009,34.648254,20.73,25.025642,13.654159,5.224143,9.755593,4.552,12.865,7.155522,12.557834,13.694521,20.070578
2017-05-05,11135.400391,16.06279,76.79995,8.364854,7.704852,19.719639,23.880733,36.134468,1.863667,10.808307,6.88168,50.157997,18.131956,4.351454,21.123854,3.119253,12.040288,164.350006,5.966203,19.296926,16.724606,33.811638,53.277962,6.575593,35.054531,21.6,24.87756,13.604669,5.316469,9.81166,4.624,12.995,7.035187,12.4,13.80809,20.44833
2017-05-08,11096.299805,16.053001,76.925354,8.368733,7.667316,19.616592,23.979803,35.905609,1.85675,10.808307,6.940539,50.658894,18.179686,4.23945,21.278112,3.10689,11.98254,164.350006,5.935887,19.438707,16.679926,33.512161,52.927578,6.541266,35.350876,21.320999,24.936792,13.471046,5.375135,9.783627,4.532,13.015,7.092908,12.52,13.827017,20.254484
2017-05-09,11049.200195,15.955117,77.619942,8.218426,7.512231,19.574434,23.913755,36.353374,1.834023,10.980179,6.990714,51.513355,18.089003,4.175588,20.403992,3.069801,11.968104,164.0,5.834509,19.267593,16.717079,34.082127,53.569946,6.522195,35.336533,21.558001,24.981216,13.678903,5.368403,9.760264,4.464,13.06,7.092908,12.62,13.869606,20.433418
2017-05-10,11034.799805,15.974694,77.253357,8.295033,7.458889,19.588488,23.923191,36.323524,1.835999,10.940894,7.012908,51.189247,18.050817,4.183448,19.885126,3.100233,11.833361,165.100006,5.810821,19.32626,16.433401,33.951714,53.579681,6.505031,35.212261,21.618,24.892368,13.683852,5.41649,9.764938,4.44,12.89,7.092908,12.375,13.95005,20.408567
2017-05-11,10861.400391,15.813187,75.922066,8.177695,7.295902,19.17161,23.640133,35.67178,1.812283,10.813217,6.847909,50.973175,17.773994,4.174605,19.515844,3.12591,11.751552,165.600006,5.741655,19.091587,16.308981,33.415558,53.579681,6.388699,34.829884,21.723,24.857817,13.243396,5.182788,9.372471,4.404,12.75,7.171175,11.91,13.888534,20.55768
2017-05-12,10897.0,16.101946,78.111938,8.184484,7.297878,19.677483,23.857145,36.243919,1.813271,10.798485,6.820891,50.982998,17.936272,4.130393,19.609335,3.13542,11.530188,167.199997,5.711341,19.169811,16.761871,34.449226,53.949532,6.445912,34.872902,19.997999,25.193466,13.12957,5.118352,9.395833,4.42,12.2,7.132042,12.01,13.85541,20.637207
2017-05-15,10957.799805,16.004061,78.459236,8.132119,7.348256,20.164619,23.942062,36.104618,1.836987,10.808307,6.811243,50.924065,18.036501,4.207027,19.520517,3.172508,11.780425,167.649994,5.821244,19.257814,16.865356,34.531342,53.813271,6.445912,35.484707,20.610001,25.153976,13.233498,5.150089,9.414521,4.428,12.065,7.161392,11.965,14.006835,20.756496
2017-05-16,10982.400391,15.955117,78.507469,8.108847,7.349244,20.375397,23.965651,36.278748,1.831058,10.783752,6.717647,50.933887,18.370598,4.254187,19.79631,3.146832,11.838173,168.0,5.812719,18.944918,17.020041,34.25119,54.183121,6.549848,35.83363,20.549999,25.070065,13.213702,5.264536,9.409849,4.408,12.15,7.092908,11.98,14.177188,20.741585
2017-05-17,10786.099609,15.964906,76.838539,7.978902,7.210951,20.281719,23.833557,35.826012,1.767816,10.675719,6.64142,50.226749,18.236958,4.088146,19.646729,3.063144,11.746739,167.949997,5.645017,18.930252,16.950184,33.372082,52.908108,6.500263,35.393894,19.968,24.453064,12.951407,5.179904,9.205205,4.22,12.015,7.053775,11.835,14.006835,20.169987
2017-05-18,10684.900391,15.999166,77.282295,7.938174,7.151683,20.113094,23.753355,35.726505,1.772757,10.685541,6.663612,50.226749,18.131956,4.097971,19.628031,2.91479,11.462816,168.350006,5.436566,18.891138,17.079916,33.579784,52.674519,6.49931,34.566998,19.715,24.645567,13.040488,5.13951,9.082793,4.116,11.755,6.91583,11.845,13.860143,20.244543
2017-05-19,10835.400391,16.028532,78.603943,8.076845,7.323561,20.281719,24.248711,35.756359,1.793508,10.852502,6.670367,50.796391,18.384916,4.146113,19.857079,2.962339,11.645682,170.300003,5.526578,19.160034,17.314436,34.47821,53.414223,6.612781,34.710392,20.120001,24.931856,13.149365,5.113544,9.292109,4.172,12.0,6.959855,11.93,14.044691,20.378744
2017-05-22,10793.400391,16.180252,78.488174,7.909082,7.23861,20.277035,24.097746,36.159344,1.787579,11.014553,6.675192,50.80621,18.332415,4.083234,19.885126,2.95378,11.611996,170.800003,5.408149,19.194256,17.499056,34.323639,52.947044,6.635666,34.50964,20.155001,24.778839,13.282987,5.154898,9.284634,4.116,12.075,7.072364,11.92,14.049424,20.155075
2017-05-23,10916.299805,16.263453,79.539696,8.041935,7.387768,20.581493,24.220404,35.995163,1.826117,10.926162,6.718612,51.100853,18.594919,4.195238,20.333872,2.962339,11.688993,171.699997,5.532261,19.507154,17.254559,34.632774,53.141697,6.716717,34.485744,20.07,24.586336,13.31268,5.16163,9.353784,4.212,12.07,7.063559,11.875,14.276562,20.488094
2017-05-24,10907.400391,16.238983,79.259941,8.071996,7.39567,20.459711,24.39024,35.915562,1.831058,10.99,6.799664,51.041927,18.56151,4.191308,20.315176,2.969947,11.698617,169.75,5.566371,19.541378,17.588871,34.845306,53.073566,6.631852,34.519203,20.045,24.630758,13.381967,5.186635,9.307996,4.204,12.03,7.092908,11.92,14.267097,20.254484
2017-05-25,10937.700195,16.175358,80.456169,8.01963,7.38678,20.670492,24.569511,35.796158,1.825129,11.048927,6.870102,51.493713,18.742878,4.152008,20.446062,2.970898,11.616808,172.25,5.575851,19.433819,17.678686,35.053005,53.161163,6.734834,33.969536,19.635,24.645567,13.525485,5.248186,9.395833,4.152,12.125,7.092908,12.055,14.252902,20.234602
2017-05-26,10904.200195,16.092157,80.456169,8.011873,7.359121,20.440973,24.437414,36.089691,1.809319,11.132408,6.769752,49.411572,18.804926,4.152008,20.497478,2.979457,11.698617,172.100006,5.558791,19.736937,17.913206,34.541004,52.956772,6.680482,32.80328,19.93,24.566589,13.248344,5.27223,9.39116,4.192,12.155,7.088017,12.215,14.153528,20.229631
2017-05-29,10884.0,16.067686,80.581581,8.056481,7.393695,20.586178,24.593098,35.796158,1.809319,11.098034,6.581596,48.080769,18.824015,4.136288,20.343224,3.003232,11.833361,171.600006,5.555948,19.619602,17.838358,34.937084,52.596657,6.698599,33.219116,19.875,24.379021,13.273088,5.315508,9.414521,4.2,12.185,7.086061,12.275,14.205581,20.224661
2017-05-30,10876.900391,16.004061,81.748863,8.036117,7.272195,20.722015,24.767651,36.154369,1.795484,11.073481,6.73598,50.089245,19.043568,4.084216,20.516176,2.988016,11.818923,176.399994,5.496262,19.492487,17.893246,34.386436,53.102768,6.721484,33.271694,19.975,24.598017,13.302782,5.336666,9.32388,4.148,12.36,7.088017,12.095,14.196116,19.772352
2017-05-31,10880.0,15.940435,82.346985,7.947871,7.163537,21.003056,24.97051,36.214069,1.812283,11.088213,6.695454,50.924065,19.067429,4.130393,20.768599,3.01084,11.573498,179.699997,5.477314,19.609823,18.611769,34.357449,52.976242,6.768208,32.779381,19.285,25.005007,13.456201,5.269345,9.264076,4.096,12.35,7.081169,11.955,14.115671,20.070578
2017-06-01,10881.0,16.053001,81.89357,7.95175,7.127976,20.839115,25.027121,36.129494,1.807342,11.201157,6.667472,51.267818,19.339481,4.072426,20.64706,3.035566,11.727491,181.399994,5.485839,20.040058,18.836309,34.415413,53.190369,6.777743,32.975349,19.52,24.766769,13.713545,5.253957,9.290241,4.056,12.96,7.092908,11.9,14.186652,19.931404
2017-06-02,10905.900391,16.004061,80.938522,7.943022,7.150695,20.782906,25.045992,36.482731,1.797461,11.269906,6.711857,51.680317,19.258343,4.051794,20.609667,3.036517,11.645682,182.550003,5.514266,19.898275,18.951073,34.405758,53.696472,6.814931,32.37788,18.805,25.183685,13.748189,5.304928,9.358455,4.116,12.865,7.20933,11.97,14.025764,19.802176
2017-06-05,10884.700195,16.008953,81.584869,7.914901,7.164525,20.64707,24.890308,36.447903,1.793508,11.255175,6.575807,51.424965,19.239252,4.047864,20.689131,3.022252,11.645682,182.850006,5.504787,19.82494,18.886206,34.574814,53.657543,6.85784,32.521275,18.809999,25.039749,13.59972,5.246263,9.322947,4.133,12.745,7.12715,11.6,14.058887,19.73259
2017-06-06,10879.700195,16.101946,82.838982,7.911022,7.097354,20.801643,25.050709,36.472778,1.785603,11.260085,6.474492,51.562462,19.454027,4.023302,20.955576,2.987065,11.592748,182.300003,5.495308,19.73205,18.836309,34.487869,53.726768,6.912191,32.310966,18.34,24.766769,13.515588,5.286656,9.367799,4.118,12.97,7.12715,11.575,14.096745,19.807144
2017-06-07,10871.700195,16.087261,82.298744,7.95272,7.241573,20.693911,25.206392,36.015064,1.747065,11.343566,6.549755,51.739246,19.42539,4.083234,20.932203,3.02986,11.549437,182.550003,5.446989,19.600046,18.661669,34.560322,53.519096,6.85784,32.612095,18.440001,24.468971,13.584873,5.260689,9.363128,4.322,13.0,7.33847,11.615,14.082547,19.787264
2017-06-08,10953.099609,15.925754,82.038277,8.038055,7.353195,20.698593,24.984663,36.243919,1.738171,11.314102,6.608613,51.896393,19.649712,4.048846,20.829365,3.017497,11.59756,182.25,5.732177,19.502264,18.541914,34.541004,53.163094,6.853072,32.540394,18.799999,24.498753,13.372068,5.317431,9.414521,4.25,13.23,7.357059,11.47,14.058887,20.080519
2017-06-09,10978.299805,15.989377,82.260155,8.043875,7.367024,20.562759,24.989382,36.224018,1.737479,11.323923,6.432036,52.426746,19.444483,4.119586,20.726526,3.060291,11.717866,183.699997,5.7985,19.472933,18.926125,34.729382,52.965317,6.817791,32.234493,18.969999,24.821363,13.416609,5.339551,9.400505,4.243,13.055,7.337492,11.31,14.035227,20.199808
2017-06-12,10842.400391,15.989377,81.227928,7.95563,7.260341,20.230192,24.819546,35.61705,1.70655,11.196246,6.431071,51.601749,19.258343,4.035091,20.511503,3.05839,11.64087,178.649994,5.746395,19.38493,18.771442,34.483036,52.510422,6.690971,32.702904,18.879999,24.702246,13.198854,5.365518,9.363128,4.173,12.87,7.34434,11.29,14.031329,19.886671
2017-06-13,10882.099609,16.043213,81.015701,7.957569,7.326524,20.141199,24.758215,35.681732,1.721372,11.245353,6.613438,52.338356,19.253571,4.028214,20.427362,3.084066,11.607184,177.800003,5.740711,19.712492,18.951073,34.758362,53.074093,6.703367,33.171318,18.924999,24.98019,13.59477,5.399179,9.372471,4.146,13.21,7.3913,11.36,14.031329,20.070578
2017-06-14,10775.799805,15.989377,81.305107,7.864475,7.220829,20.267668,24.668579,35.039936,1.710503,11.284637,6.622122,52.515141,19.353798,3.940773,20.403992,3.091674,11.32326,180.800003,5.618487,20.035168,19.070827,34.768024,53.469654,6.741508,32.851078,18.559999,25.188648,13.471046,5.453036,9.297149,4.084,13.14,7.439238,11.315,13.773114,19.936377
2017-06-15,10699.599609,16.072578,80.91922,7.877082,7.207988,20.314507,24.545921,34.796158,1.705562,11.210979,6.462913,52.132103,19.377663,3.985967,20.436712,2.999428,11.048961,178.699997,5.577739,19.873831,19.115736,34.483036,52.985096,6.728159,32.463917,18.045,25.362362,13.332477,5.341475,9.106458,4.085,12.87,7.369777,11.115,13.485667,19.613298
2017-06-16,10759.400391,16.25856,80.813103,7.875142,7.221817,20.614281,24.838417,35.034962,1.724337,11.235531,6.480281,53.074959,19.42539,4.018389,20.628365,3.020838,10.87572,181.850006,5.546479,20.289396,19.335283,35.024025,54.013546,6.846397,32.674225,17.9,25.600601,13.446302,5.296273,9.177013,4.001,12.95,7.474458,11.075,13.539259,19.230576
2017-06-19,10848.900391,16.150887,81.54628,8.006055,7.319609,20.520601,25.050709,35.378246,1.759911,11.260085,6.560368,53.291031,19.29175,4.107796,20.749899,3.111756,11.17408,181.600006,5.614691,20.000944,19.549843,35.251049,53.766319,6.835909,32.702904,18.385,25.967882,13.278038,5.395332,9.25615,4.085,13.01,7.474458,11.085,13.71465,19.479095
2017-06-20,10746.099609,16.043213,81.449814,7.871263,7.252439,20.403502,24.984663,34.980232,1.723349,11.181515,6.465808,53.615135,19.363344,4.054741,20.950901,3.088293,10.971965,180.199997,5.549322,19.776051,19.330296,34.67625,53.825657,6.82828,32.105438,17.844999,25.967882,13.36217,5.30012,9.138875,4.027,12.815,7.400105,11.055,13.417459,18.907499
2017-06-21,10740.700195,16.101946,81.652397,7.865445,7.249476,20.436291,25.027121,34.845905,1.737183,11.176604,6.625981,52.741032,19.415846,4.062602,21.10516,3.049189,11.154831,178.300003,5.542684,19.663603,19.40015,34.821152,53.746544,6.865468,32.325306,18.219999,26.067148,13.381967,5.261651,9.086434,4.055,12.945,7.358037,11.035,13.363868,18.902527
2017-06-22,10709.900391,16.072578,81.536629,7.77623,7.222805,20.525286,24.880875,34.895657,1.725325,11.093123,6.532386,52.534782,19.129478,4.039021,20.899483,3.031592,11.458003,176.75,5.548368,19.629381,19.230499,34.51202,53.261986,6.797767,32.368324,18.785,26.603182,13.391864,5.276077,9.072133,4.046,12.96,7.407932,11.005,13.242067,18.718622
2017-06-23,10630.799805,16.023638,81.025337,7.738411,7.149707,20.356174,24.744064,34.686703,1.687775,11.112765,6.581596,52.819603,19.153341,3.95944,20.796644,2.988576,11.59756,174.899994,5.490578,19.629381,19.0359,34.444397,52.470867,6.741508,32.296631,18.844999,26.052259,13.193906,5.279923,9.054018,4.011,13.1,7.445108,11.045,13.183603,18.514835
2017-06-26,10696.599609,15.999166,80.523697,7.823553,7.220829,20.515621,24.998817,34.76133,1.712479,11.186425,6.680981,52.976746,19.37289,4.003652,20.852737,2.973912,11.419505,174.100006,5.537945,19.644047,19.130705,34.666588,52.658756,6.871189,32.626431,18.969999,25.878544,13.332477,5.276077,9.081667,4.028,13.19,7.484241,11.095,13.227451,18.435308
2017-06-27,10647.900391,15.906176,79.414291,7.809875,7.284049,20.148411,24.371368,34.651875,1.752994,11.044017,6.624051,51.807995,18.623556,4.136288,20.446062,2.960226,11.732303,171.5,5.575851,19.404484,18.751484,34.396233,51.936863,6.70146,32.96101,19.549999,25.441774,13.139467,5.172209,8.96916,4.17,12.94,7.484241,10.9,13.261555,18.281223
2017-06-28,10702.700195,15.906176,78.574997,7.928088,7.38678,20.341679,24.140203,34.363316,1.778686,10.999821,6.93282,52.12553,18.475599,4.225695,20.184292,3.033547,11.708241,173.600006,5.683856,19.375151,18.586821,34.682377,52.055531,6.712902,32.717243,19.85,25.109236,13.085029,5.276077,8.78419,4.338,12.89,7.472502,10.975,13.310275,18.455191
2017-06-29,10531.099609,15.891494,77.230003,7.941766,7.310719,20.051775,23.569368,33.751373,1.775721,10.91634,6.77963,51.490459,17.983004,4.186395,19.806744,3.008129,11.482065,169.300003,5.598585,18.935141,18.132753,33.330601,51.234749,6.637573,32.463917,19.645,24.434229,12.788092,5.278,8.676449,4.295,12.525,7.425542,10.905,13.178731,18.355782
2017-06-30,10444.5,15.87681,77.059998,7.87924,7.176378,19.800524,23.163651,33.442917,1.757934,10.862324,6.82382,51.946918,18.042173,4.106813,19.426308,2.989554,11.535,170.850006,5.487737,19.003586,18.02298,33.375004,51.224857,6.610874,32.373104,19.875,24.205917,12.956356,5.242416,8.617334,4.232,12.635,7.462718,10.895,13.056931,18.584419
2017-07-03,10604.200195,15.822975,76.900002,7.967167,7.417402,19.853672,23.3629,33.671772,1.816236,10.847591,6.778648,52.056072,17.928762,4.273837,19.508173,3.050166,11.77,169.100006,5.686698,18.905806,18.112795,33.971954,51.165524,6.613734,32.679005,20.584999,24.091763,12.995948,5.261651,8.799444,4.441,12.705,7.462718,10.825,13.412587,18.700001
2017-07-04,10566.700195,15.857235,75.599998,7.960329,7.368999,19.742542,23.245693,33.626995,1.814259,10.827949,6.831676,51.98661,17.86466,4.287591,19.431124,3.070696,11.89,167.5,5.642174,18.73469,17.98805,33.705547,50.99741,6.598478,33.257355,20.725,23.947826,12.896969,5.174133,8.724121,4.511,12.785,7.45,10.81,13.436947,18.5
2017-07-05,10523.599609,16.067686,75.669998,7.989637,7.372951,19.665234,23.050352,33.721523,1.80339,10.901608,6.806144,52.304146,17.770973,4.238467,19.368521,3.078517,11.865,167.050003,5.609951,19.106256,18.147722,33.902885,51.21497,6.600435,33.027927,20.469999,24.181103,12.827683,5.180865,8.605893,4.515,12.65,7.476,10.735,13.207964,18.485001
2017-07-06,10498.400391,16.072578,73.919998,8.00527,7.429255,19.616917,22.791523,33.36829,1.813271,10.891788,6.871937,52.056072,17.677286,4.261065,19.199972,3.101002,11.75,164.699997,5.6604,18.328903,17.908215,33.103661,50.671078,6.537807,33.578571,20.385,24.04213,12.7485,5.035643,8.587778,4.595,12.745,7.39,10.365,13.24694,18.200001
2017-07-07,10488.799805,16.072578,75.309998,8.034578,7.439134,19.607254,22.898962,33.467789,1.822165,10.881966,6.976027,52.889603,17.795628,4.180501,19.185526,3.102958,11.7,166.649994,5.595859,18.460905,17.99803,33.330601,50.631519,6.531935,33.256313,20.065001,23.997459,12.875,4.980824,8.629729,4.58,12.925,7.389,10.105,13.095907,17.934999
2017-07-10,10509.5,16.013849,75.360001,8.070725,7.430243,19.679729,23.108955,33.577244,1.820188,10.99,7.025127,53.256752,17.835073,4.194255,19.199972,3.12642,11.71,167.300003,5.595859,18.289791,18.217579,33.340469,50.72052,6.579885,33.07077,20.59,24.121542,12.805,5.066419,8.594452,4.59,12.95,7.477,10.18,13.130013,17.91
2017-07-11,10449.099609,15.950224,74.559998,8.081472,7.429255,19.742542,23.006401,33.174259,1.822165,10.945805,6.886667,52.849911,17.721664,4.155938,18.911034,3.070696,11.82,166.600006,5.551547,18.187122,17.923183,33.2714,50.24585,6.536828,32.665501,20.924999,23.664921,12.845,5.0895,8.599219,4.572,12.93,7.453,10.29,13.130013,17.940001
2017-07-12,10560.400391,16.028532,76.980003,8.128366,7.423328,20.071102,23.382435,33.622021,1.84094,11.058749,6.90827,53.623909,18.086552,4.180501,19.127739,3.079495,11.565,168.800003,5.573702,18.607576,18.362282,34.001553,50.918301,6.727649,33.173306,21.264999,23.957754,13.115,5.136625,8.714587,4.52,13.1,7.53,10.315,13.261555,18.09
2017-07-13,10658.299805,16.13131,76.839996,8.165491,7.561621,20.148411,23.348249,33.880726,1.875525,11.171694,6.965226,53.455215,18.007656,4.246327,19.127739,3.16748,11.42,168.699997,5.635355,18.627132,18.561872,34.05582,51.936863,6.732542,34.140087,21.700001,23.669884,13.145,5.278,8.903371,4.533,13.205,7.592,10.52,13.475923,18.25
2017-07-14,10655.099609,16.13131,77.379997,8.144976,7.58434,20.245045,23.37755,34.029984,1.838963,11.235531,7.030037,53.852135,18.111206,4.240432,19.113291,3.137174,11.66,170.649994,5.582373,18.49024,18.516966,34.115025,50.849075,6.742327,34.491646,21.959999,23.96768,13.17,5.255,8.861419,4.494,13.26,7.648,10.54,13.553875,18.344999
2017-07-17,10651.200195,16.160675,77.839996,8.143022,7.539889,19.587927,23.401966,34.378242,1.837975,11.260085,6.968172,54.576515,18.081619,4.240432,19.137371,3.144018,11.58,170.0,5.524574,18.504906,18.482037,34.248226,51.422638,6.761898,34.452579,22.200001,24.086798,13.385,5.35,8.911953,4.514,13.64,7.658,10.5,13.510027,18.200001
2017-07-18,10524.5,16.067686,77.559998,7.978891,7.397645,19.573429,23.001516,33.552372,1.807342,11.260085,6.863099,54.070442,17.973141,4.136288,19.199972,3.084383,11.41,168.100006,5.475445,18.485352,18.536924,33.878216,50.898521,6.757006,33.695759,21.99,23.36216,13.155,5.268,8.858559,4.433,13.71,7.683,10.47,13.349251,18.02
2017-07-19,10588.099609,16.092157,78.940002,7.971075,7.415426,19.703888,23.309179,34.049885,1.809319,11.30428,6.879793,54.774975,18.259132,4.130393,19.339626,3.112734,11.52,171.949997,5.447509,18.578241,18.596802,34.554104,51.402859,6.871498,33.866653,22.555,23.714552,13.295,5.165,8.889069,4.391,13.78,7.719,10.57,13.436947,17.99
2017-07-20,10564.799805,16.150887,78.760002,7.954467,7.438146,19.438143,23.167557,33.995159,1.790544,11.294459,6.52235,54.328442,18.268993,4.180501,19.233681,3.101002,11.515,167.649994,5.510124,18.421793,18.541914,34.35183,50.50296,6.72667,33.578571,22.065001,23.580544,13.24,5.224,8.948184,4.407,13.87,7.756,10.615,13.49054,17.76
2017-07-21,10426.599609,16.297712,77.110001,7.866539,7.330475,19.302853,22.991751,33.45784,1.785603,11.309192,6.457539,53.842213,18.13093,4.116638,19.108475,3.071674,11.385,166.399994,5.43017,18.407127,18.506985,32.171234,50.235958,6.628813,33.080532,21.575001,23.357197,13.025,5.115,8.852839,4.303,13.445,7.728,10.54,13.344378,16.975
2017-07-24,10446.5,16.341761,75.910004,7.932974,7.422341,19.225546,23.011284,33.477741,1.822165,11.279727,6.42317,53.2766,18.042173,4.166746,18.973639,3.106868,11.32,165.850006,5.494711,18.377792,18.586821,32.1367,49.7514,6.561292,32.514133,21.764999,22.92539,12.835,5.05,8.873815,4.293,13.42,7.722,10.525,13.290788,16.9
2017-07-25,10523.400391,16.405386,75.68,8.108828,7.572486,19.426989,23.191977,33.22401,1.889359,11.294459,6.449683,53.088066,18.047104,4.253205,19.016979,3.130331,11.27,166.449997,5.595859,17.99645,18.596802,32.610313,49.870068,6.544657,32.631325,22.469999,22.592852,12.865,5.126,8.897651,4.413,13.3,7.796,10.495,13.529515,17.245001
2017-07-26,10575.400391,16.591366,75.080002,8.017969,7.576438,19.623518,23.543591,33.452866,1.885407,11.255175,6.525296,53.752903,18.13586,4.273837,19.686354,3.068741,11.315,167.850006,5.592969,18.08934,18.83132,32.921124,50.552406,6.553463,33.04147,22.049999,22.682192,12.995,5.267,9.020647,4.3,13.295,7.79,10.565,13.641571,17.545
2017-07-27,10603.400391,16.493481,76.099998,8.097103,7.608047,19.402422,23.797535,33.577244,1.919992,11.314102,6.529224,54.239132,18.125998,4.277767,19.532253,3.092204,11.215,166.100006,5.594896,18.108898,19.105757,32.871784,50.394184,6.574992,32.602024,22.385,22.811235,12.93,5.218,9.334333,4.327,13.14,7.793,10.43,13.739011,14.505
2017-07-28,10536.099609,16.307501,72.610001,8.060956,7.613975,19.033928,23.436153,33.333462,1.862679,11.2208,6.510566,52.35376,17.795628,4.366191,19.127739,3.113712,11.065,163.25,5.587189,17.928003,18.995981,32.240299,49.721733,6.509428,30.302258,22.01,23.109034,13.005,6.0,9.174152,4.344,13.28,7.81,10.71,13.777987,14.58
2017-07-31,10502.200195,16.336866,72.25,8.048256,7.55767,19.446642,23.328714,33.423016,1.870584,11.176604,6.344611,51.659153,17.869593,4.338681,19.272207,3.080472,10.87,165.25,5.562142,17.840002,18.961052,31.993628,49.830513,6.521171,29.262234,22.184999,23.580544,13.115,5.703,9.115039,4.282,13.095,7.899,10.65,13.797474,13.85
2017-08-01,10586.700195,16.444538,72.18,8.016993,7.670279,19.702129,23.611959,33.711575,1.870584,11.186425,6.575377,51.867535,18.224615,4.368156,19.47928,3.099047,10.85,165.949997,5.610308,17.908447,18.736513,31.870291,50.295296,6.612178,29.062042,21.98,23.272821,13.05,5.664,9.210384,4.328,12.845,8.019,10.725,14.002098,12.94
2017-08-02,10513.900391,16.327078,72.150002,8.027739,7.652499,19.623518,23.392202,33.582218,1.857738,11.215889,6.545918,51.549999,18.264065,4.347524,19.445572,3.079495,10.755,164.399994,5.562615,17.923115,18.641708,31.559483,50.13707,6.615114,29.120634,21.334999,23.109034,13.14,5.569,9.078807,4.303,12.615,8.157,10.69,14.021586,13.14
2017-08-03,10549.099609,16.356441,72.290001,8.096126,7.722632,19.633345,23.582659,33.512569,1.876513,11.245353,6.608765,51.282078,18.441576,4.357348,19.623749,3.080472,10.88,164.300003,5.604468,17.972004,18.556883,31.623615,50.166737,6.633706,28.852085,21.67,23.396902,13.115,5.572,9.048296,4.32,12.625,8.148,10.69,14.041074,13.27
2017-08-04,10658.400391,16.439644,73.309998,8.150837,7.738438,20.011663,23.729166,33.791176,1.887383,11.363208,6.736423,51.480537,18.609228,4.378963,19.835636,3.096114,10.975,165.300003,5.659948,18.152899,18.62674,31.771622,50.750187,6.702206,29.887224,22.16,23.669884,13.37,5.647,9.255197,4.411,12.815,8.209,10.87,14.177489,13.9
2017-08-07,10676.5,16.547318,73.220001,8.231925,7.77301,19.942879,23.631495,33.786201,1.887383,11.427047,6.750171,51.530155,18.495815,4.415316,19.715246,3.103935,11.035,166.949997,5.676495,18.123564,18.786411,31.949228,50.809521,6.696334,28.80814,23.219999,23.774113,13.34,5.517,9.247569,4.4,12.71,8.278,10.86,14.187234,13.6
2017-08-08,10734.700195,16.576681,73.32,8.247557,7.828328,20.114841,24.036829,34.184212,1.889359,11.466331,6.762937,51.679001,18.604296,4.421211,19.816376,3.108824,11.205,166.649994,5.696935,18.08934,19.000971,32.220566,50.977631,6.742327,28.617714,23.275,23.863453,13.435,5.5,9.36103,4.371,12.82,8.199,10.825,14.22621,13.73
2017-08-09,10596.0,16.557106,72.800003,8.167444,7.632743,20.001837,23.914742,33.870777,1.872561,11.397582,6.674558,51.450768,18.589504,4.353419,19.758587,3.070696,11.285,166.600006,5.579162,17.967115,19.01095,31.840691,50.77985,6.697313,28.427288,22.98,23.560692,13.17,5.486,9.180826,4.255,12.775,8.212,10.64,14.060562,13.42
2017-08-10,10450.0,16.473904,71.980003,8.004292,7.499389,19.864267,23.870789,33.42799,1.836987,11.328834,6.643134,51.004234,18.510609,4.300364,19.744141,3.044301,11.215,165.649994,5.450681,17.844891,18.951073,31.396675,50.384296,6.611199,28.319866,22.924999,23.277784,12.905,5.394,9.013973,4.155,12.605,8.145,10.665,13.948505,13.04
2017-08-11,10282.900391,16.395597,71.470001,7.894873,7.361097,19.648085,23.646145,33.0051,1.805366,11.2208,6.531188,50.051624,18.264065,4.244362,19.455202,2.991509,10.71,164.350006,5.325121,17.849779,18.556883,30.587585,49.790955,6.560314,27.978075,21.905001,23.109034,12.655,5.426,8.767027,4.135,12.43,8.019,10.52,13.685418,13.13
2017-08-14,10461.200195,16.513058,72.980003,8.001361,7.487535,19.962532,24.334726,33.263809,1.869596,11.294459,6.641171,50.805775,18.693052,4.318049,19.845268,3.018883,10.795,166.0,5.443868,18.192009,18.556883,31.549614,50.631519,6.718842,28.065964,22.0,23.461426,12.895,5.48,9.000623,4.192,12.615,8.14,10.615,13.816962,12.975
2017-08-15,10481.5,16.464115,72.660004,7.959352,7.546804,19.918314,24.256588,33.423016,1.877501,11.323923,6.802216,50.706543,18.737431,4.344576,19.864532,2.991509,10.655,165.0,5.459442,18.348457,18.546902,31.337475,50.493073,6.77462,27.714407,21.934999,23.645067,12.93,5.482,8.941509,4.17,12.55,8.089,10.565,13.763371,12.74
2017-08-16,10544.299805,16.424963,72.860001,8.022855,7.571499,19.937967,24.207754,33.592167,1.889359,11.368118,6.795342,51.609535,18.865633,4.391736,20.052341,3.028659,11.045,165.0,5.491562,18.426682,18.402201,32.05283,50.839188,6.820612,27.79253,22.48,23.779076,12.98,5.609,8.938649,4.216,12.77,8.187,10.615,13.890042,12.82
2017-08-17,10443.799805,16.415174,73.269997,7.878263,7.42728,20.041145,24.23217,33.602119,1.853786,11.358297,6.712855,51.430923,18.890289,4.314119,20.110128,2.97489,11.12,165.0,5.354321,18.343571,18.41218,31.870291,50.769966,6.863669,27.587456,22.059999,23.714552,12.925,5.562,8.810885,4.147,12.775,8.112,10.63,13.768243,12.68
2017-08-18,10385.700195,16.420067,72.800003,7.875332,7.411475,19.933052,23.958693,33.278736,1.854774,11.328834,6.564576,51.103462,18.648674,4.330822,19.874163,2.959248,11.11,161.800003,5.343614,18.162678,18.127766,31.860424,50.206295,6.859756,27.958544,22.200001,23.113997,12.67,5.42,8.749865,4.158,12.605,8.094,10.51,13.695163,12.61
2017-08-21,10360.200195,16.434752,73.489998,7.822576,7.347268,19.903572,24.051479,33.437939,1.836987,11.323923,6.619567,51.35154,18.747292,4.278749,19.912687,2.950449,11.295,162.199997,5.293001,18.324013,18.008011,31.717354,50.374405,6.816698,28.095261,22.215,23.257931,12.69,5.529,8.703146,4.124,12.665,8.142,10.57,13.700035,12.6
2017-08-22,10409.799805,16.361338,73.440002,7.847978,7.41839,19.918314,24.061247,33.497643,1.835011,11.515438,6.609747,51.659153,18.816324,4.315102,19.826006,2.982711,11.565,163.350006,5.334854,18.343571,17.983063,32.107098,50.641407,6.831377,27.773001,22.225,23.367125,12.785,5.554,8.73747,4.122,12.935,8.193,10.615,13.807219,12.64
2017-08-23,10338.099609,16.395597,72.480003,7.783497,7.329488,19.908487,23.81707,33.268787,1.820188,11.505617,6.518422,51.15308,18.633883,4.283662,19.8549,2.950449,11.555,162.899994,5.288134,18.284903,18.422159,31.924559,50.324959,6.792234,27.743704,22.16,23.40683,12.52,5.492,8.659286,4.078,12.895,8.13,10.495,13.777987,12.65
2017-08-24,10357.400391,16.434752,72.230003,7.820622,7.383817,19.977272,24.017296,33.278736,1.837975,11.466331,6.586179,50.686699,18.752222,4.313137,19.801928,2.967069,11.685,161.699997,5.324147,18.192009,18.457088,31.746952,50.582077,6.777555,27.655815,22.195,23.337343,12.42,5.431,8.669775,4.114,13.14,8.132,10.41,13.768243,12.3
2017-08-25,10345.299805,16.562,72.330002,7.779589,7.368999,19.869179,24.002645,33.243912,1.829082,11.402493,6.56163,50.121086,18.619087,4.283662,19.686354,2.955338,11.675,162.199997,5.324147,18.328903,18.087847,31.806156,50.33485,6.791255,27.890184,22.32,23.416756,12.24,5.351,8.688844,4.096,13.31,8.015,10.35,13.748754,12.39
2017-08-28,10285.900391,16.552212,71.839996,7.759073,7.341341,19.761089,23.904974,32.840923,1.825129,11.402493,6.514494,50.06155,18.619087,4.269907,19.643013,2.923076,11.635,161.0,5.300787,18.182232,18.107805,31.248672,49.652512,6.761898,27.812061,22.184999,23.049473,12.15,5.307,8.612567,4.077,13.305,8.044,10.375,13.680547,12.435
2017-08-29,10192.599609,16.498375,70.199997,7.661376,7.231695,19.731609,23.98311,33.05983,1.771769,11.343566,6.42317,49.232979,18.643744,4.187378,19.748955,2.856598,11.395,159.949997,5.226814,17.99645,18.177662,30.602385,49.711845,6.721777,27.904835,21.674999,22.895613,12.305,5.253,8.557267,4.005,13.015,8.118,9.648,13.602594,12.315
2017-08-30,10245.799805,16.557106,70.879997,7.726833,7.249476,19.947792,24.075897,32.940426,1.795484,11.363208,6.392728,49.684475,18.599365,4.218818,19.512989,2.896681,11.93,161.850006,5.262827,18.475573,18.262487,31.056267,50.196404,6.702206,28.275923,22.275,23.019695,12.395,5.354,8.584917,4.018,13.105,8.152,9.772,13.821835,12.43
2017-08-31,10299.5,16.640306,71.790001,7.825508,7.331463,20.06571,24.178452,31.756344,1.825129,11.368118,6.52726,51.669075,18.604296,4.262047,19.517805,2.906457,11.98,164.050003,5.313441,18.720024,18.726534,31.337475,50.13707,6.713949,28.48588,22.42,23.575581,12.345,5.316,8.637358,4.089,13.22,8.205,9.74,14.060562,12.545
2017-09-01,10325.5,16.610941,72.199997,7.793267,7.343317,20.06571,24.110083,31.691666,1.845881,11.392673,6.623495,52.065998,18.599365,4.300364,19.527435,2.903524,12.15,164.0,5.330961,18.773804,18.62175,31.500278,50.384296,6.722755,28.505411,23.0,24.052055,12.385,5.292,8.634497,4.043,13.26,8.245,9.513,14.158001,12.38
2017-09-04,10243.200195,16.542423,72.080002,7.701432,7.281085,19.947792,23.895206,31.388182,1.794496,11.392673,6.444774,51.90723,18.451437,4.244362,19.460018,2.880061,12.24,163.050003,5.294948,18.710245,18.531933,31.554548,49.959068,6.687528,28.178267,22.83,23.898195,12.31,5.281,8.53629,4.03,13.14,8.189,9.499,14.075177,12.31
2017-09-05,10179.799805,16.620729,72.75,7.57345,7.153659,19.903572,23.924509,31.010071,1.752994,11.269906,6.401566,52.095764,18.392267,4.136288,19.994555,2.838024,12.195,163.800003,5.206374,18.915583,18.656677,31.54468,50.344738,6.714927,28.34428,22.549999,24.116579,12.265,5.301,8.484804,3.908,12.93,8.125,9.482,14.333393,12.81
2017-09-06,10131.0,16.498375,71.839996,7.59592,7.145757,19.957619,23.929392,31.044897,1.743112,11.279727,6.357377,51.817921,18.545126,4.051794,19.989738,2.794031,12.11,159.199997,5.1616,18.73469,18.477047,31.495346,50.216179,6.703184,28.046432,22.455,23.923012,12.09,5.253,8.451433,3.9,12.955,8.223,9.447,14.333393,12.985
2017-09-07,10124.900391,16.571789,72.779999,7.522647,7.105257,19.820047,23.890322,30.96032,1.67987,11.328834,6.316133,52.165226,18.633883,4.036074,19.980108,2.78621,12.18,158.899994,5.139214,18.847137,19.0359,31.391743,50.512852,6.761898,28.105026,22.455,24.270441,12.21,5.275,8.507687,3.875,13.005,8.251,9.439,14.274929,12.88
2017-09-08,10129.599609,16.601152,71.620003,7.520693,7.086488,19.633345,23.48987,30.741413,1.689751,11.363208,6.407458,52.294224,18.56485,4.093059,19.81156,2.761769,12.08,158.449997,5.201507,18.827581,19.150663,31.228937,50.61174,6.742327,28.022018,22.27,24.260515,12.2,5.238,8.540105,3.879,12.83,8.278,9.438,14.167746,12.37
2017-09-11,10322.599609,16.78224,72.620003,7.651607,7.278122,19.839701,23.704748,31.293655,1.705562,11.461421,6.566539,52.959064,18.781809,4.171658,20.037895,2.848777,12.275,161.050003,5.375734,18.949806,19.58976,31.638416,51.205078,6.780491,28.173386,22.799999,24.578163,12.3,5.304,8.700285,3.976,13.165,8.427,9.581,14.396729,12.78
2017-09-12,10336.200195,16.757769,72.209999,7.640861,7.310719,19.761089,23.509405,31.890671,1.714455,11.412314,6.516459,52.889603,18.599365,4.199168,19.960844,2.874195,12.29,158.699997,5.423428,18.578241,19.355244,31.352274,51.145744,6.738413,27.929249,22.93,24.250587,12.235,5.28,8.679309,4.009,13.075,8.476,9.5,14.47468,12.23
2017-09-13,10371.0,16.74798,72.080002,7.764935,7.344305,19.638258,23.543591,32.015049,1.739159,11.515438,6.563593,53.772751,18.451437,4.260082,19.729694,2.854643,12.075,156.550003,5.444841,18.58802,19.514915,31.668018,51.343521,6.722755,27.768116,22.934999,24.508678,12.325,5.273,8.702191,4.03,13.13,8.493,9.343,14.625712,11.925
2017-09-14,10361.099609,16.723509,70.400002,7.711202,7.348256,19.019188,23.475222,32.184204,1.748053,11.539991,6.595017,53.951366,17.997795,4.249274,19.277023,2.83118,12.0,156.75,5.507135,18.842249,19.295364,31.771622,51.264412,6.605328,27.201719,22.639999,24.424301,12.32,5.189,8.662147,3.965,12.965,8.544,9.316,14.781616,11.565
2017-09-15,10317.400391,16.659885,70.099998,7.663331,7.287012,19.033928,23.607077,32.482712,1.752005,11.618561,6.583233,53.554447,17.884384,4.244362,19.378153,2.808695,11.85,156.0,5.438027,18.636909,19.000971,31.796288,51.205078,6.604349,26.874577,22.415001,23.605362,12.3,5.209,8.66882,3.968,13.115,8.604,9.534,14.635457,11.045
2017-09-18,10338.400391,16.669674,69.75,7.677008,7.323561,18.925837,23.460571,32.37326,1.769792,11.539991,6.574396,53.921597,17.869593,4.193273,19.267391,2.817493,11.965,158.449997,5.475988,18.54402,18.971033,31.964027,51.2743,6.585756,26.791571,22.73,23.575581,12.285,5.204,8.732702,3.978,13.59,8.524,9.415,14.713408,11.145
2017-09-19,10378.400391,16.757769,70.43,7.722972,7.368999,18.94549,23.685213,32.522514,1.778686,11.539991,6.735441,53.961288,17.904108,4.157903,19.411861,2.816516,12.045,156.0,5.524654,18.421793,19.22052,31.766687,51.165524,6.605328,26.640205,22.34,23.595434,12.145,5.209,8.760353,3.99,13.62,8.459,9.5,14.869312,11.52
2017-09-20,10292.099609,16.659885,69.25,7.662914,7.288,18.852137,23.533823,32.248882,1.711491,11.490885,6.611711,54.050598,17.741388,4.078321,19.156631,2.783277,12.145,155.25,5.475988,18.328903,19.180601,30.557983,50.928188,6.56912,26.830633,22.690001,23.243042,12.055,5.135,8.714587,3.975,13.52,8.444,9.57,14.952136,11.525
2017-09-21,10297.0,16.669674,69.529999,7.722972,7.412463,18.699827,23.284763,31.835945,1.710503,11.510528,6.539044,54.516975,17.450464,4.169693,18.867693,2.755903,11.965,154.699997,5.541201,18.006229,18.936104,30.809593,51.056744,6.528999,26.464428,22.040001,23.342306,12.045,5.056,8.65166,4.015,13.26,8.496,9.481,14.995984,11.245
2017-09-22,10305.0,17.00248,68.68,7.665867,7.415426,18.690001,23.206627,31.746393,1.703586,11.520348,6.529224,54.636055,17.396225,4.197203,18.588385,2.779366,11.925,155.300003,5.585975,18.094229,18.906164,30.87866,51.036968,6.484964,26.024981,21.65,23.377048,12.19,5.016,8.625916,3.981,13.185,8.417,9.483,15.069063,11.065
2017-09-25,10216.5,16.831181,68.040001,7.650671,7.276146,18.785,23.138256,31.36828,1.683822,11.427047,6.575377,54.31852,17.341984,4.038039,18.732857,2.691381,11.72,154.550003,5.522708,17.962227,18.941093,30.488914,51.254524,6.506493,26.396069,21.040001,23.689737,12.125,4.919,8.58587,3.94,13.15,8.419,9.644,15.200607,11.025
2017-09-26,10189.599609,16.78224,67.989998,7.680439,7.256391,18.790001,23.138256,31.35833,1.685799,11.461421,6.525296,54.100212,17.455397,4.047864,18.58357,2.62197,11.785,151.0,5.514921,17.864447,19.22052,30.08437,51.175411,6.490835,26.220291,21.225,23.729445,11.98,4.928,8.556314,3.963,13.095,8.393,9.5,15.137271,10.885
2017-09-27,10368.900391,16.738192,68.18,7.980115,7.410487,18.76,23.260345,31.427982,1.801413,11.554723,6.712855,54.328442,17.450464,4.225695,18.516151,2.757859,11.78,153.850006,5.703749,18.08934,19.40514,30.661589,50.908409,6.458542,26.352125,21.27,24.086798,11.965,4.971,8.8147,4.086,13.205,8.472,9.642,15.181119,11.095
2017-09-28,10328.5,16.71372,67.720001,7.938439,7.353195,18.695,23.11384,31.552361,1.747065,11.515438,6.661792,54.00098,17.297607,4.161833,18.309078,2.674761,12.025,153.050003,5.732948,18.050228,19.330296,30.927996,51.19519,6.370472,26.215406,21.485001,24.404448,12.075,4.958,8.756538,4.032,13.395,8.333,9.413,15.083679,11.05
2017-09-29,10381.5,16.738192,68.050003,7.942408,7.468768,18.73,23.270113,31.726492,1.745088,11.510528,6.618585,54.566593,17.53429,4.165763,18.371683,2.692358,12.2,152.75,5.749496,18.211567,19.320314,30.937862,51.254524,6.431143,26.117754,21.805,24.468971,12.23,4.935,8.764167,4.08,13.365,8.394,9.553,15.190864,11.045
2017-10-02,10255.700195,16.703932,67.489998,7.861039,7.291951,18.555,23.172441,31.313553,1.666036,11.37303,6.750171,54.626129,17.346916,3.981055,18.005693,2.661075,12.12,151.699997,5.657028,18.148008,19.240479,31.179604,51.847862,6.415486,25.375578,22.389999,24.454082,12.23,4.895,8.629729,3.944,13.11,8.3,9.585,15.103168,11.1
2017-10-03,10257.5,16.743086,67.269997,7.886839,7.357146,18.42,22.903847,31.154348,1.667024,11.274817,6.893541,54.824589,17.189127,4.044917,18.049034,2.630769,12.18,151.300003,5.669682,17.972004,18.961052,30.651722,52.065422,6.332308,25.702721,22.635,24.394524,12.375,4.908,8.58587,4.0,12.995,8.297,9.456,15.10804,11.675
2017-10-04,9964.900391,16.894806,65.839996,7.610978,7.091427,17.99,22.459444,30.502607,1.57216,10.818128,6.837567,53.494907,16.93272,3.844488,17.581915,2.617082,12.005,147.75,5.452628,17.468437,18.796391,29.600889,50.789742,6.118979,25.180267,22.674999,23.545801,12.135,4.781,8.35418,3.854,12.85,7.84,9.263,14.732896,11.775
2017-10-05,10214.700195,16.973114,68.279999,7.773716,7.288,18.405001,23.001516,31.084698,1.669,10.896698,6.790432,54.626129,17.341984,4.034109,18.106821,2.689425,12.07,151.449997,5.612255,18.148008,19.090786,30.651722,51.590748,6.3098,25.678307,22.969999,24.086798,12.07,4.856,8.600172,3.947,13.04,7.86,9.433,14.927775,11.78
2017-10-06,10185.5,16.8997,67.0,7.777685,7.319,18.305,22.796408,30.791164,1.637379,10.842681,6.710892,55.638275,17.322262,4.010529,17.962353,2.703112,11.995,151.5,5.620041,17.95245,18.901176,30.19784,50.898521,6.321543,25.277922,22.754999,24.25555,12.255,4.81,8.582057,4.003,13.015,7.75,9.363,14.883927,11.905
2017-10-09,10236.0,16.982903,67.870003,7.838216,7.236,18.51,23.32383,31.144398,1.652201,10.980179,6.688305,55.568817,17.672356,4.066531,18.260921,2.678672,11.975,150.949997,5.624908,18.064896,19.110744,30.370512,51.19519,6.451693,25.390224,22.51,24.022278,12.26,4.745,8.664053,4.02,13.08,7.952,9.465,14.883927,11.86
2017-10-10,10142.299805,17.007372,67.800003,7.815393,7.19,18.4,23.250578,30.84589,1.644296,10.881966,6.679468,55.876431,17.623047,3.976142,18.260921,2.685515,11.825,151.0,5.460415,17.99156,19.355244,30.276775,50.641407,6.452671,25.54159,22.254999,23.774113,12.075,4.542,8.593497,3.982,12.95,7.783,9.411,14.8888,12.265
2017-10-11,10278.400391,17.012266,68.82,7.879893,7.365,18.695,23.704748,31.243902,1.664059,10.99,6.831676,56.332886,18.002726,3.988914,18.713593,2.668896,12.165,151.149994,5.495454,18.201788,19.769392,30.656654,50.651299,6.594563,25.063084,22.355,24.04213,12.36,4.45,8.790864,4.047,13.215,7.973,9.532,15.005727,12.765
2017-10-12,10275.900391,17.061209,68.18,7.876916,7.366,18.559999,23.719398,31.243902,1.654178,11.019464,6.851315,56.997726,17.958347,4.001687,18.800274,2.610239,12.13,151.800003,5.479881,18.221344,20.258387,30.671453,50.453518,6.615114,24.911716,22.945,24.071909,12.3,4.381,8.73747,4.037,13.26,8.04,9.467,14.957008,12.555
2017-10-13,10258.0,17.100363,68.400002,7.85707,7.332,18.764999,23.782885,31.024996,1.661095,10.921251,6.84837,56.481731,18.022449,3.968282,19.050688,2.581888,12.335,152.100006,5.415641,18.353348,20.298306,30.686255,50.928188,6.626856,25.287687,24.6,23.952789,12.47,4.374,8.775608,4.04,13.2,7.978,9.471,15.049575,12.53
2017-10-16,10181.400391,17.276554,68.330002,7.799516,7.204,18.629999,23.382435,30.965296,1.614651,10.99,6.837567,56.402348,17.795628,3.899508,18.732857,2.585798,12.395,151.149994,5.416615,18.035563,20.028858,30.923061,50.760078,6.536828,25.54159,24.645,24.061983,12.35,4.402,8.622102,4.019,13.115,8.014,9.433,14.995984,11.74
2017-10-17,10216.799805,17.232506,69.540001,7.861039,7.213,18.540001,23.37755,31.288679,1.629474,11.03,6.990757,56.293194,17.766043,3.880841,18.593203,2.568201,12.3,152.100006,5.479881,18.265347,19.998922,31.011866,50.433739,6.556399,25.282804,24.5,24.245623,12.15,4.361,8.557267,4.024,12.995,8.016,9.608,14.96188,12.03
2017-10-18,10273.400391,18.441376,69.470001,7.987062,7.275,18.545,23.499638,31.104599,1.650225,11.09,7.176353,56.700035,17.844936,3.875928,18.501703,2.595574,12.325,153.699997,5.527916,18.558685,20.158594,32.615246,50.918301,6.523128,25.15097,24.424999,24.384596,12.195,4.397,8.548685,4.07,13.16,8.019,9.628,14.893672,11.84
2017-10-19,10197.5,18.382647,68.540001,7.968208,7.22,18.450001,23.568008,30.741413,1.622557,10.96,7.126271,56.620655,17.933693,3.817961,18.395761,2.604373,12.19,153.149994,5.461256,18.333792,20.507875,33.004993,50.433739,6.540742,25.126556,24.66,24.106651,11.845,4.375,8.415202,4.039,13.045,7.83,9.549,14.893672,11.785
2017-10-20,10222.700195,18.656721,67.639999,8.004924,7.318,18.41,23.548475,30.835939,1.606746,10.825,7.241164,55.886353,17.904108,3.791434,18.506519,2.629791,12.405,153.649994,5.489684,18.035563,20.707466,32.856987,50.384296,6.556399,24.984957,25.139999,24.136433,11.735,4.42,8.451433,4.1,13.285,7.71,9.365,14.898543,11.275
2017-10-23,10161.400391,18.568624,67.139999,7.822339,7.182,18.415001,23.455687,30.796141,1.573149,10.86,7.246074,56.223732,17.928762,3.762941,18.405392,2.592641,12.44,151.600006,5.430866,17.615107,20.737404,32.412971,50.33485,6.605328,25.727133,25.695,23.987534,11.6,4.364,8.426644,4.044,13.495,7.648,9.007,14.883927,11.015
2017-10-24,10205.700195,18.529472,66.959999,7.89577,7.262,18.389999,23.450804,30.766289,1.639355,10.74,7.251966,55.767277,17.928762,3.797329,18.270554,2.649343,12.6,153.0,5.514192,17.595552,20.787302,32.269905,49.998627,6.570099,25.25839,25.83,24.146358,11.6,4.363,8.414248,4.05,13.5,7.588,8.993,15.064192,10.995
2017-10-25,10153.299805,18.44627,68.07,7.889816,7.255,18.27,23.148024,30.44788,1.598841,10.6,7.36784,55.886353,17.795628,3.810101,18.000877,2.602417,12.405,150.050003,5.521054,17.355989,20.692497,32.067631,48.975117,6.437014,25.429289,25.415001,24.037167,11.485,4.319,8.436178,4.041,13.445,7.501,8.973,14.927775,10.83
2017-10-26,10347.799805,18.500107,67.889999,7.994008,7.385,18.370001,23.51429,31.323503,1.649237,10.89,7.40221,57.096958,18.165445,3.876911,18.506519,2.691381,12.165,154.0,5.698489,17.918226,20.81225,32.615246,49.326176,6.594563,26.083572,25.465,24.508678,11.845,4.15,8.389458,4.09,13.585,7.835,9.106,15.069063,11.29
2017-10-27,10197.5,18.500107,68.300003,7.858062,7.193,18.200001,23.621727,31.104599,1.569196,10.72,6.938712,56.620655,18.13093,3.770802,18.366865,2.624903,11.93,151.550003,5.585754,17.796001,20.79229,32.348839,49.642624,6.536828,25.878498,25.030001,24.687357,11.485,4.052,8.287438,4.027,13.255,7.65,9.005,15.147016,11.275
2017-10-30,10446.0,18.505001,69.650002,8.091254,7.41,18.275,23.890322,32.025002,1.65813,11.125,7.07619,57.444263,18.589504,3.928,18.853247,2.711911,12.11,153.949997,5.711233,18.355,21.156544,33.152996,50.02829,6.711992,26.732977,25.110001,25.635344,11.685,4.135,8.488618,4.116,12.915,7.993,9.173,15.580622,11.74
2017-10-31,10523.5,18.57,71.110001,8.040646,7.513,18.370001,24.154034,32.095001,1.698645,11.33,7.119398,57.801491,18.747292,4.018,18.92548,2.746127,12.335,157.5,5.708292,18.65,21.271307,33.404602,51.402859,6.789299,26.981997,24.629999,26.677631,11.75,4.2,8.586823,4.099,12.34,8.169,9.332,15.673189,12.45
2017-11-01,10506.700195,18.57,71.309998,7.925539,7.478,18.379999,23.787767,31.469999,1.722361,11.19,7.119398,57.990028,18.047104,4.083,18.800274,2.74906,12.65,158.649994,5.716134,18.495001,21.475887,34.050888,51.007301,6.765813,26.71833,25.344999,26.747116,11.72,4.205,8.620195,4.051,12.3,8.122,9.286,15.741399,12.43
2017-11-02,10457.799805,18.709999,69.779999,7.791578,7.461,18.4,23.870789,31.200001,1.713467,11.06,6.949514,57.632801,18.052034,4.04,18.665436,2.74515,12.37,159.0,5.70535,18.625,21.251348,34.026222,50.582077,6.748199,27.328672,25.48,25.61549,11.56,4.176,8.609706,4.046,12.155,7.955,9.079,15.741399,12.38
2017-11-03,10357.799805,18.52,68.720001,7.725093,7.33,18.139999,23.670563,31.15,1.667024,11.09,6.883721,58.337334,18.002726,3.973,18.737671,2.676717,12.06,159.899994,5.598497,18.5,21.146564,33.730213,50.88863,6.711992,27.099182,25.51,26.528734,11.515,4.077,8.477176,4.007,12.045,7.996,8.904,15.507543,11.94
2017-11-06,10316.5,18.450001,68.620003,7.697309,7.261,18.105,23.602194,30.885,1.648249,11.0,6.879793,59.736477,17.958347,3.966,18.69433,2.662052,12.035,160.649994,5.529876,18.57,21.321205,33.878216,50.690849,6.731563,27.480036,25.405001,26.20612,11.595,4.071,8.420922,3.974,11.905,7.972,8.927,15.424719,11.965
2017-11-07,10230.700195,18.5,68.379997,7.630825,7.211,18.0,23.631495,29.959999,1.639355,10.945,6.817928,59.98455,17.913971,3.961,18.58357,2.636634,11.98,159.600006,5.50929,18.35,21.20644,33.345398,50.394184,6.620006,27.831593,25.379999,25.943066,11.35,4.146,8.370389,3.948,11.915,7.924,8.794,15.531902,11.15
2017-11-08,10228.700195,18.555,69.019997,7.621894,7.218,18.15,23.787767,30.1,1.644296,11.02,6.683396,60.252472,18.150654,3.976,18.472811,2.620992,11.985,162.5,5.489684,18.360001,21.251348,33.3158,50.542519,6.601413,27.36285,25.15,25.729645,11.075,4.162,8.316996,3.921,12.365,7.85,8.96,15.45395,11.36
2017-11-09,10141.099609,18.450001,66.440002,7.620901,7.175,18.145,23.572893,29.73,1.639355,10.95,6.605819,59.657093,18.027382,3.889,18.415024,2.670851,11.7,162.850006,5.448512,18.264999,20.877117,33.093796,50.13707,6.52215,27.445856,24.305,25.506296,10.795,4.153,8.267416,3.909,12.295,7.73,8.788,15.439335,10.88
2017-11-10,10092.700195,18.450001,64.849998,7.623878,7.147,18.190001,23.616844,29.555,1.651213,10.935,6.634296,59.369328,17.992865,3.867,18.294632,2.661075,11.495,160.0,5.453413,18.094999,20.622641,32.723785,50.02829,6.454628,22.753548,25.165001,25.034784,10.74,4.067,8.211164,3.927,12.12,7.702,8.615,15.449079,10.55
2017-11-13,10049.900391,18.35,65.199997,7.640747,7.129,18.290001,23.685213,29.334999,1.640343,11.01,6.481107,59.746399,17.909039,3.914,18.299448,2.644455,11.295,159.800003,5.425964,17.98,20.657568,32.560978,50.038177,6.4194,22.196917,24.870001,25.099308,10.605,4.06,8.134886,3.915,12.15,7.52,8.623,15.341895,10.215
2017-11-14,9990.400391,18.355,64.970001,7.645709,7.104,18.264999,23.646145,29.385,1.630462,11.02,6.454593,59.438789,17.92383,3.929,18.130901,2.645433,11.195,159.399994,5.351462,17.98,20.527834,32.146568,50.077736,6.356771,22.397108,23.575001,25.25317,10.42,4.034,8.08054,3.888,12.16,7.624,8.74,15.093423,9.95
2017-11-15,10013.900391,18.360001,65.510002,7.708224,7.196,18.045,23.279879,29.184999,1.640343,11.095,6.451647,59.339554,17.751249,3.984,18.092375,2.673784,11.24,158.550003,5.418122,18.065001,20.398102,31.944292,49.380566,6.396893,23.505489,23.584999,24.816401,10.625,4.004,8.124397,3.929,12.05,7.582,8.857,14.625712,10.28
2017-11-16,10088.700195,18.434999,66.93,7.685401,7.25,18.094999,23.37755,29.754999,1.633426,11.215,6.608765,60.450932,17.948486,3.997,18.135715,2.70018,11.35,160.850006,5.424005,18.309999,20.328245,32.718849,50.295296,6.403743,23.359007,23.73,25.084419,10.97,4.096,8.168258,3.936,11.605,7.851,8.923,14.503913,10.475
2017-11-17,10010.400391,18.405001,68.129997,7.749901,7.19,17.959999,23.07477,29.264999,1.621568,11.17,6.585197,59.934937,17.869593,3.939,17.971983,2.695291,11.26,160.300003,5.373029,18.17,20.273357,32.334038,49.870068,6.331329,23.339476,23.665001,25.005007,10.93,4.094,8.134886,3.902,11.57,7.839,8.96,14.528273,10.365
2017-11-20,10025.5,18.434999,69.160004,7.666547,7.119,17.959999,23.030819,29.5,1.619592,11.145,6.641171,60.431087,17.830145,3.904,17.817883,2.694314,11.28,159.899994,5.389694,18.225,20.882107,32.630047,50.127178,6.321543,23.861929,23.99,25.213463,11.43,4.046,8.177792,3.858,11.625,7.854,9.103,14.620841,9.841
2017-11-21,9993.400391,18.469999,68.650002,7.580217,7.022,17.950001,23.08942,29.360001,1.595876,11.145,6.711874,61.473003,17.85973,3.87,17.610809,2.664985,11.335,160.5,5.359304,18.305,20.782312,32.551113,50.473297,6.3098,23.505489,24.565001,25.064566,11.685,3.938,8.11963,3.791,11.755,7.83,9.346,14.664688,9.51
2017-11-22,10013.900391,18.450001,68.519997,7.650671,7.048,18.24,23.206627,29.280001,1.598841,11.11,6.649026,60.718853,18.052034,3.898,18.150162,2.676717,11.425,161.050003,5.388713,18.305,20.582722,32.689251,51.996197,6.321543,23.481075,24.76,24.940483,11.42,4.048,8.101515,3.815,11.72,7.818,9.185,14.767,9.515
2017-11-23,10032.799805,18.545,68.720001,7.674486,7.069,18.25,23.299414,29.275,1.616628,11.11,6.583233,60.93716,18.229548,3.9,18.337973,2.664985,11.51,161.5,5.403418,18.280001,20.832209,32.67445,51.41275,6.338179,23.398067,24.83,24.821363,11.37,4.055,8.126304,3.877,11.75,7.876,9.309,14.728024,9.255
2017-11-24,10053.5,18.52,67.839996,7.731047,7.129,18.200001,23.094305,29.475,1.629474,11.105,6.53708,61.016544,18.155584,3.947,18.092375,2.692358,11.42,161.449997,5.447532,18.235001,20.667547,32.605377,51.719303,6.293165,23.339476,24.735001,24.538458,11.29,4.055,8.139653,3.938,11.93,7.865,9.371,14.630585,9.216
2017-11-27,10063.099609,18.59,68.120003,7.744939,7.071,18.445,23.358017,29.6,1.622557,11.115,6.614657,61.175312,18.219687,3.901,17.967169,2.750038,11.3,161.899994,5.463216,18.075001,20.79229,31.90976,51.887421,6.39885,23.241821,24.795,24.315111,11.25,3.963,8.134886,3.918,12.005,7.75,9.324,14.601352,9.213
2017-11-28,10144.400391,18.6,67.480003,7.821347,7.137,18.700001,23.660797,29.84,1.629474,11.05,6.704018,60.927238,18.387337,3.917,18.126083,2.754926,11.3,164.0,5.490664,18.290001,20.802269,32.087364,52.718094,6.452671,23.192995,25.049999,24.389559,11.23,3.951,8.239766,3.901,12.17,7.726,9.778,14.874185,10.125
2017-11-29,10267.700195,18.620001,67.760002,8.020801,7.279,18.85,23.875671,29.775,1.69074,10.975,6.814,60.560085,18.673328,4.046,18.289816,2.792075,11.325,169.399994,5.591635,18.5,20.827221,32.378437,53.163094,6.531935,24.301374,25.715,24.37467,11.305,3.95,8.258835,4.044,12.065,7.746,9.843,15.025216,10.56
2017-11-30,10211.0,18.76,68.25,8.044616,7.182,18.780001,24.080782,29.74,1.669988,11.05,6.946,60.103626,18.737431,3.993,18.044218,2.762747,11.295,167.149994,5.531837,18.495001,20.637609,32.067631,53.222427,6.528999,25.019138,25.385,24.33,11.195,3.954,8.204487,4.036,11.45,7.937,9.785,15.025216,10.52
2017-12-01,10085.0,18.795,67.760002,7.915616,7.074,18.635,23.98311,29.57,1.64232,11.005,6.918,59.885319,18.500748,3.873,17.875669,2.725598,11.07,166.5,5.394595,18.174999,20.358183,31.554548,52.698315,6.435057,24.784765,25.495001,23.825001,11.075,4.093,8.16349,4.03,10.95,8.0,9.667,14.952136,10.49
2017-12-04,10208.599609,18.85,68.459999,7.965231,7.16,18.59,24.188219,30.575001,1.654178,11.05,7.028,60.361626,18.3972,3.9,18.116453,2.751015,11.385,169.399994,5.467138,18.540001,20.79229,32.018295,52.945538,6.485942,24.872654,26.205,24.33,11.065,4.159,8.173977,4.059,10.75,8.087,9.836,15.185991,10.21
2017-12-05,10211.299805,18.879999,69.0,7.874931,7.182,19.184999,24.188219,30.379999,1.629474,11.135,7.061,61.006618,18.46623,3.9,18.179056,2.717777,11.49,168.550003,5.448512,18.66,21.121616,31.648285,53.430096,6.493771,25.04355,25.695,24.4,11.235,4.169,8.161583,4.007,10.825,8.3,9.76,15.283431,10.145
2017-12-06,10184.0,18.934999,68.339996,7.77967,7.076,19.27,24.290775,30.605,1.603782,11.11,7.06,60.599777,18.806463,3.854,18.179056,2.680627,11.485,170.0,5.392634,18.530001,21.256336,31.524948,53.519096,6.566185,25.067965,26.15,24.465,11.26,4.191,8.157768,3.948,10.805,8.305,9.75,15.103168,10.175
2017-12-07,10262.599609,18.969999,69.339996,7.85707,7.165,19.475,24.564253,30.969999,1.638367,11.18,7.124,60.262394,18.816324,3.931,18.443916,2.654231,11.58,169.300003,5.422044,18.51,21.565702,31.62855,53.677319,6.604349,25.61483,26.174999,24.709999,11.39,4.186,8.224511,4.042,10.9,8.391,9.85,15.093423,10.885
2017-12-08,10321.099609,18.9,69.300003,7.930501,7.21,19.51,24.500765,31.075001,1.682834,11.235,7.251,60.321934,18.880426,4.039,18.395761,2.658142,11.445,168.699997,5.519094,18.635,21.036789,31.983761,53.766319,6.573035,25.15097,26.43,24.08,11.495,4.178,8.224511,4.15,11.02,8.304,9.89,15.078808,10.955
2017-12-11,10306.900391,18.77,69.220001,7.8918,7.222,19.49,24.427513,31.15,1.666036,11.235,7.183,59.538017,18.806463,4.059,18.18387,2.6425,11.7,168.0,5.524975,18.355,21.421,31.964027,53.400429,6.570099,25.175386,26.790001,24.43,11.445,4.203,8.194,4.173,11.06,8.234,9.734,14.976496,11.105
2017-12-12,10288.299805,18.84,69.5,7.866993,7.214,19.65,24.466581,30.764999,1.662083,11.27,7.185,59.934937,18.865633,4.008,18.159794,2.661,11.75,170.0,5.570069,18.325001,21.34,31.88509,53.360874,6.575971,24.97031,26.924999,24.73,11.29,4.17,8.194,4.073,11.375,8.207,9.632,15.005727,11.03
2017-12-13,10260.5,18.719999,68.389999,7.847147,7.196,19.205,24.368912,31.295,1.646272,11.245,7.237,59.974628,18.712776,3.995,17.957537,2.65,11.75,169.600006,5.543601,18.014999,21.434999,31.771622,52.866425,6.485942,24.941015,26.865,24.754999,11.32,4.221,8.347,4.096,11.345,8.12,9.543,14.927775,11.15
2017-12-14,10176.5,18.6,68.540001,7.837224,7.137,18.985001,24.427513,30.719999,1.625521,11.24,7.237,59.885319,18.540194,3.923,17.731201,2.666,11.53,169.25,5.505369,18.045,21.6,31.584146,54.626663,6.3783,25.014254,26.639999,24.32,11.255,4.141,8.239,4.049,11.365,8.159,9.537,14.976496,11.54
2017-12-15,10150.400391,18.495001,68.559998,7.797532,7.149,19.16,24.422628,29.955,1.623545,11.22,7.173,59.637245,18.633883,3.903,17.673414,2.657,11.47,169.850006,5.513212,18.33,21.535,31.899893,55.032112,6.43995,25.058199,26.105,24.215,11.19,4.118,8.251,3.954,11.305,8.234,9.6,14.767,11.69
2017-12-18,10244.099609,18.6,70.07,7.850123,7.252,19.209999,24.490999,30.01,1.662083,11.35,7.224,60.570011,18.668398,3.931,17.976801,2.728,11.655,170.699997,5.559286,18.555,21.700001,32.215637,55.220001,6.499643,25.282804,26.655001,24.74,11.37,4.172,8.361,4.039,11.585,8.4,9.57,15.005,11.915
2017-12-19,10234.299805,18.549999,69.489998,7.897755,7.281,19.290001,24.209999,29.805,1.683822,11.4,7.27,60.530315,18.540194,3.967,17.79862,2.712,11.88,171.600006,5.561246,18.715,21.764999,32.186031,54.900002,6.392,25.07773,26.84,24.525,11.505,4.2,8.391,4.04,11.65,8.3,9.534,15.05,11.64
2017-12-20,10207.700195,18.4,69.910004,7.922562,7.272,19.25,24.065001,29.530001,1.699633,11.39,7.292,60.679165,18.244341,4.001,17.890118,2.664,11.895,171.899994,5.520073,18.719999,21.59,31.959093,55.18,6.438971,25.517176,26.950001,24.424999,11.48,4.22,8.324,4.028,11.535,8.216,9.702,15.035,11.54
2017-12-21,10304.599609,18.4,70.489998,8.027746,7.372,19.299999,24.049999,29.93,1.728289,11.47,7.321,60.679165,18.347889,4.087,18.039402,2.706,11.98,172.75,5.60438,19.25,21.525,32.408043,54.939999,6.442886,25.873617,27.469999,24.655001,11.535,4.216,8.363,4.045,11.575,8.26,9.84,15.045,11.675
2017-12-22,10182.0,18.455,69.0,7.958285,7.264,19.24,24.129999,29.615,1.669,11.265,7.314,60.262394,18.323235,3.94,18.260921,2.689,11.925,169.449997,5.483802,19.165001,21.344999,32.087364,55.049999,6.3783,25.800375,27.455,24.790001,11.59,4.213,8.255,4.011,11.415,8.102,9.605,15.04,11.615
2017-12-27,10165.200195,18.5,69.029999,7.954,7.214,19.299999,24.115,29.58,1.662,11.325,7.31,60.540237,18.254202,3.943,18.285002,2.69,11.92,170.050003,5.450472,19.105,21.5,32.240299,55.189999,6.372429,26.30818,27.535,24.799999,11.63,4.284,8.234,4.0,11.375,8.26,9.54,15.005,11.69
2017-12-28,10093.099609,18.58,68.410004,7.943,7.147,19.25,23.965,29.17,1.659,11.3,7.278,60.15324,18.273926,3.903,17.895,2.684,11.96,170.600006,5.402438,18.995001,21.49,32.077496,55.040001,6.31665,25.746664,27.25,24.65,11.5,4.287,8.195,4.007,11.395,8.201,9.413,15.035,11.645
2017-12-29,10043.900391,18.549999,68.040001,7.904,7.112,19.25,23.870001,29.045,1.656,11.3,7.236,59.647171,18.451437,3.889,17.855,2.678,11.915,169.0,5.371068,18.924999,21.35,32.186031,55.009998,6.321543,25.839436,27.094999,24.424999,11.5,4.303,8.125,3.987,11.405,8.283,9.359,14.745,11.43
